id_publicacion,id_city,house_lat,house_long,rooms,bathrooms,squared_meters,builded_squared_meters,house_details,address,price
666625211,29,25.775692,-100.24225,3,3,124,210,"La casa se encuentra en excelentes condiciones y cuenta con Acabados de Lujo 
 
 
 
PLANTA BAJA 
 
 
Cochera techada 2 autos 
 
Sala 
 
Comedor 
 
Cocina Integral 
 
Medio baño 
 
Patio trasero 
 
Minisplits 
 
Lavandería techada 
 
 
 
PLANTA ALTA 
 
Recámara Principal con Vestidor, Terraza, baño completo y Jacuzzi 
 
2 recámaras secundarias con closet 
 
1 baño completo 
 
Sala de TV 
 
 
 
ADICIONALES 
 
Circuito Cerrado 
 
Sistema de Alarma 
 
Muro Llorón 
 
4 Climas 
 
7 Ventiladores de techo 
 
Refrigerador 
 
Persiana 
 
Puerta principal de seguridad 
 
Portón eléctrico 
 
Espacio de estacionamiento para visitas 
 
 
 
Para mas información o conocerla, contáctenos. 
 
Expertos en Inmuebles.","Residencial Los Pinos, San Nicolás De Los Garza, Nuevo León",2080000
666625212,28,25.778525,-100.31108,2,2,118,170,"EXCELENTE OPORTUNIDAD PARA INVERTIR EN LA MEJOR UBICACIÓN DE ESCOBEDO. A UNOS METROS DE SAN NICOLAS. FRACCIONAMIENTO PRIVADO CON ACCESO CONTROLADO. 
PLANTA BAJA: 
 
COCHERA PARA DOS AUTOS CON PORTÓN Y ENTRADA PEATONAL INDEPENDIENTE 
 
SALA 
 
COMEDOR 
 
COCINA 
 
LAVANDERÍA INTERIOR CON ESPACIO PARA ALMACENAR 
 
PATIO CON CERCO ELÉCTRICO 
 
 
 
PLANTA ALTA: 
 
RECAMARA PRINCIPAL CON BAÑO Y VESTIDOR 
 
2 RECAMARAS SECUNDARIAS CON ROPERÍAS (1 CON BALCÓN) 
 
BAÑO COMPLETO 
 
ESTANCIA","Residencial Pinos, General Escobedo, Nuevo León",1850000
666625214,30,25.801032,-100.5861,3,2,133,162,"Hermosa casa con ubicación privilegiada frente a parque, recientemente remodelada con acabados de lujo, fácil acceso, cerca de Av. Leones Cuenta con paredes de interior y exterior en cantera, piedra volcánica, piso de porcelanato, amplio patio con piso de cerámico. Excelente Iluminación con focos led PLANTA BAJA -Sala -Comedor y cocina -Medio Baño -Lavandería techada -Cochera techada para dos autos PLANTA ALTA -Recámara principal con baño y vestidor -2 Recámaras secundarias -Amplia estancia. LA PRIVADA CUENTA CON AMENIDADES, UN PARQUE CENTRAL, CON JARDINES, PALAPA Y ALBERCA. ¡VEN A CONOCERLA! EXPERTOS EN INMUEBLES Otras Caracteristicas: Asador: SI. Caseta de guardia: SI. Patio: 1. Seguridad privada: SI. Acabados de Lujo: SI. Centros Comerciales Cercanos: SI. Gas: SI. Cocina integral: SI. Walk in closet: SI. Sala y Comedor: SI.","García, Nuevo León",2200000
666625221,28,25.793114,-100.3504,3,2,105,152,"Hermosa casa en Fraccionamiento Privado, muy cerca del parque. 
3 recamaras y amplia estancia 
 
 
Planta baja: 
Cochera techada para 2 autos y asador 
Sala / Comedor, 
Cocina 
Lavandería en interior 
Patio 
 
 
Planta alta: 
Recamara Principal con Baño Vestidor 
2 Recámaras secundarias una con closet. 
Estancia 
Baño Completo 
Cochera para dos autos 
Asador de concreto 
y Patio 
 
Expertos en Inmuebles","Pedregal De San Agustín, General Escobedo, Nuevo León",1350000
666625227,27,25.73627,-100.1566,3,2,175,95,"Casa en venta con excelente ubicación, cerca de plaza comerciales, club de Beisbol y centros comerciales Planta Baja -Sala Comedor -Cocina -Recamara -Lavanderia techada -Baño completo Planta Alta -Recámara principal -Recámara secundaria -Baño completo -Terraza con asador -Estancia Las recamara principal cuenta con closets, abanicos de techo, minisplit Para más información contactanos. Expertos en Inmuebles Otras Caracteristicas: Area de lavandería: SI. Balcón(es): 1. Closets : 1. Servicios básicos (agua/luz): SI. Centros Comerciales Cercanos: SI. Gas: SI. Cocina integral: SI. Valor de avalúo reciente: SI.","Villas De San Carlos Iis 3e, Apodaca, Nuevo León",950000
666625238,26,25.653002,-100.1808,3,2,105,118,"Bonita casa en Jardines de Andalucía, Guadalupe. Colonia Privada con caseta de vigilancia, acceso por Ave. Eloy Cavazos y por Ave. Maestro Israel Cavazos Garza. Planta Baja - Cochera con espacio para 1 auto y reja metalica - Jardin al frente - Sala Comedor - Cocina integral - Lavanderia techada - Medio Baño - Patio Planta Alta - 1 Recamara principal - 2 Recamaras secundarias con closet y roperias - 2 Baños completos Agende cita para conocerla! Id de la Propiedad: 30-CV-951 SIL Otras Caracteristicas: Urbanización privada: SI. Seguridad privada: SI.","Jardines De Andalucia, Guadalupe, Nuevo León",1400000
666625261,27,25.776468,-100.1858,6,3,91,700,"CASA DE 3 NIVELES Frente a parque, cerca de Soriana Sendero Apodaca, Centro Zapatero y Av Miguel Aleman PRIMER NIVEL Sala Comedor Cocina 2 Recamaras Vestidor Baño completo SEGUNDO NIVEL 4 Recamaras Lavanderia TERCER NIVEL Terraza Asador Lavanderia Baño completo Toda la casa cuenta con vitropiso Otras Caracteristicas: Area de lavandería: SI. Terraza: SI. Cuarto de planchado : SI. Área de Juegos Infantiles: SI. Centros Comerciales Cercanos: SI. Sala y Comedor: SI.","San Isidro I, Apodaca, Nuevo León",1600000
666625263,30,25.787992,-100.422,2,1,73,70,"LA CASA ES TOTALMENTE NUEVA, SE ENTREGARÁ CON: COCINA INTEGRAL CON ESTUFA, CAMPANA, REFRIGERADOR, PORTÓN Y PROTECTORES PARA LAS VENTANAS, ROPERÍAS Y MINI SPLIT EN LA RECÁMARA PRINCIPAL. 
 
EN LA PLANTA BAJA CUENTA CON: 
 
COCHERA SIN TECHAR PARA UN AUTOMOVIL 
SALA 
COMEDOR 
REJA DE PASILLO LATERAL 
JARDIN 
PATIO 
 
EN LA PLANTA ALTA: 
 
2 RECÁMARAS 
BAÑO COMPLETO 
 
SE ENTREGARÁ CON LOS SERVICIOS BÁSICOS: AGUA, LUZ Y GAS.","Mitras Poniente, García, Nuevo León",750000
666625281,35,25.866264,-100.2708,2,1,70,67,"LA CASA ESTÁ PRÁCTICAMENTE NUEVA EN UN FRACCIONAMIENTO NUEVO DE SALINAS VICTORIA, N. L. 
 
CUENTA EN LA PLANTA BAJA CON: 
 
COCHERA TECHADA PARA UN AUTO. 
SALA 
COMEDOR 
BAÑO DE VISITAS 
ESPACIO PARA COLOCAR COCINA INTEGRAL 
PATIO TRASERO 
PASILLO PARA PASAR A PATIO TRASERO 
 
EN LA PLANTA ALTA: 
 
DOS RECAMARAS 
BAÑO COMPLETO","Valle De Salinas, Salinas Victoria, Nuevo León",420000
666625282,25,25.60914,-100.2635,3,2,250,250,"Casa en Venta en Cortijo del Río, Zona Sur de Monterrey Totalmente remodelada y muy bien ubicada, zona residencial tranquila, al Sur de Monterrey. Cortijo Del Río. En la Primer planta cuenta con un amplía área social (Sala-Comedor), cocina, alacena, lavandería y patio. En Segunda Planta cuenta con una estancia, recámara principal con excelente vista, baño y vestidor. 2 recámaras secundarias y un baño completo. Cuenta con cochera para 2 autos. Pasillo lateral en ambos lados de la casa. Un cuarto que puede utilizarse como bodega o adecuarse como cuarto de servicio. Cuenta con buena iluminación natural y bonita vista. Para más información favor de contactarnos. Expertos en Inmuebles. Otras Caracteristicas: Patio: 1. Sala de estar: SI. Cocina integral: SI.","Cortijo Del Río 1 Sector, Monterrey, Nuevo León",4450000
666625285,26,25.704877,-100.213,4,2,210,219,"LA CASA ESTA MUY BIEN UBICADA, A UNA CUADRA DE 2 VIALIDADES PRINCIPALES, MUY CERCA DE COMERCIOS, IGLESIAS, PARQUES, HOSPITALES, COMERCIO, ETC. 
 
CUENTA EN LA PLANTA BAJA CON: 
 
COCHERA TECHADA PARA 2 VEHÍCULOS GRANDES 
REJA NUEVECITA,PARA LA COCHERA ASÍ COMO PUERTA PRINCIPAL Y PROTECTORES DE LAS VENTANAS DE LA PLANTA BAJA. 
SALA 
COCINA-COMEDOR (A LA COCINA LE FALTA EQUIPAMIENTO, NO CUENTA CON ESTUFA NI CAMPANA) 
BAÑO COMPLETO 
LAVANDERIA TECHADA 
2 RECÁMARAS 
PATIO MUY AMPLIO CON ARBOLES FRUTALES 
RECAMARA AL FONDO DEL PATIO 
CUARTO PARA GUARDA DE OBJETOS 
BAÑO COMPLETO 
 
EN LA PLANTA ALTA: 
 
ESTANCIA 
RECAMARA 
 
LA PROPIEDAD TIENE MUCHO POTENCIAL PARA CRECERLA A SU GUSTO CON POCA INVERSIÓN.","San Rafael, Guadalupe, Nuevo León",1200000
666625287,26,25.654835,-100.2172,2,2,86,111,"LA PROPIEDAD ESTA MUY ACCESIBLE Y MUY CERCA DE LA AV. PRINCIPAL, A 3 CUADRAS DE ELOY CAVAZOS AREA MUY TRANQUILA Y CON VECINOS EXCELENTES. 
 
CUENTA EN LA PLANTA BAJA CON: 
PORCHE 
SALA 
COMEDOR 
COCINA DE CONCRETO (SIN ESTUFA NI CAMPANA) 
PATIO TRASERO CON UN BAÑO COMPLETO 
 
EN LA PLANTA ALTA CON: 
ESTANCIA 
2 RECAMARAS 
BAÑO COMPLETO","Lomas De San Roque, Guadalupe, Nuevo León",650000
666625288,28,25.776067,-100.3094,3,1,102,108,"Casa en zona de alta plusvalía, muy cerca de Plazas Outlet, Hospitaria, Escuela, Colegios,Tiendas de Autoservicio, Vías de Acceso rápidas como Av. Barragan, Sendero, Raúl Salinas. 
 
 
PLANTA BAJA: 
 
Sala 
 
Comedor 
 
Cocina (concreto) 
 
Cochera sin techar 
 
Patio 
 
Lavanderia Techada 
 
1/2 Baño 
 
PLANTA ALTA: 
 
Recamara Principal 
 
2 Recamaras Secundarias 
 
1 baño completo 
 
 
 
No dejes pasar la oportunidad y conócela!!","Nexxus Residencial Sector Platino, General Escobedo, Nuevo León",1400000
666625293,34,25.759385,-100.4333,3,2,135,156,"Hermosa casa que cuenta con todas las comodidades : Planta Baja: Sala - Comedor independiente Cocina Integral Medio Baño Lavandería techada Amplio Jardín Cochera techada 2 carros Planta Alta: Recamara Principal con Baño con Walk in closet 2 Recamaras Secundarias Estancia para TV Baño Completo 2 Minisplit en: 1 Recamara principal y 1 Sala Cortinas en Sala, Comedor y Recamara principal Otras Caracteristicas: Asador: SI. Area de lavandería: SI. Caseta de guardia: SI. Jardín(es): SI. Patio: 1. Seguridad privada: SI. Closets : 1. Cortinas/Persianas: SI. Estacionamiento de visitas: SI. Área de Juegos Infantiles: SI. Gas: SI. Cocina integral: SI. Número de pisos: 2. Walk in closet: SI.","San Patricio Residencial 4o. Sector, San Pedro Garza García, Nuevo León",2250000
666625307,29,25.749346,-100.2868,3,3,192,158,"CASA EN ESQUINA DE UNA PLANTA MUY CERCA DE AV UNIVERSIDAD Y ARTURO B DE LA GARZA Todos los espacios son áreas independientes, ideal para VIVIR, para OFICINAS o para NEGOCIO Cocina- Comedor Sala Recamara Principal con Baño completo 2 Recamaras Secundarias con Baño completo Cochera techada para un auto con Portón Eléctrico Patio con Lavandería Techada Cámaras de seguridad en diferentes puntos. Otras Caracteristicas: Gas: SI. Sala y Comedor: SI.","San Nicolás De Los Garza Centro, San Nicolás De Los Garza, Nuevo León",1650000
666625317,28,25.783913,-100.2996,2,2,576,150,"SUPER OPORTUNIDAD!!!! Casa de 1 planta en Lazaro Cardenas, Escobedo. Cerca de avenidas principales como Barragán, Carr. Colombia y Benito Juárez, patio muy amplio. Ideal para negocio (comisariato, centro de distribución) o casa habitación. Terreno irregular de 576 mts2 cuenta con casa de 1 planta y 1 departamento en el patio. CASA: Sala Comedor Cocina (concreto) Recamara principal con baño DEPARTAMENTO: Amplia habitación independiente con área de descanso, cocina y baño completo. PATIO Frontal: Área de cochera para 3 autos Trasero: Lavandería techada 200 mts2 aproximados de espacio libre Otras Caracteristicas: Area de lavandería: SI. Internet/Wifi: SI. Patio: 1. Cable/Sky: SI. Número de pisos: 1.","Lázaro Cárdenas, General Escobedo, Nuevo León",2300000
666625335,36,25.433027,-100.1506,3,5,525,615,"HERMOSA RESIDENCIA EN COLONIA PRIVADA. UBICADA EN SANTIAGO N.L. JUNTO A LA PRESA LA BOCA. ESTILO CONTEMPORANEO - Cochera para 4 autos y 2 utv techados en sotano - 3 recamaras con walk in closet - recibidor - sala amplia - comedor independiente - cocina - bar - alberca - cuarto de heramientas y maquina EQUIPAMIENTO - Cocina totalmente equipada (no incluye refrigerador) - vapor - cisterna - hidroneumatico - climas inverter - asador - ventaneria premium de cuprum - iluminación general a base de led - plafon decorativo en cocina, rec ppl, sala, comedor bar, etc. - hebel en muros y techos - marmol español color crema marfil aaa - azulejos españoles - llaves helvex - 2 boilers - puertas de nogal de 2.40 mts de alto por 1 mto de anchoen areas. AMENIDADES: El Fraccionamiento cuenta con Alberca, cancha de tenis, palapas con asadores, casa club, jacuzzi, cancha de voleibol playero y embarcadero. ¡Visitala! Para mas información y citas contáctanos. Expertos en inmuebles. Otras Caracteristicas: Area de lavandería: SI. Caseta de guardia: SI. Terraza: SI. Balcón(es): 1. Sala de estar: SI. Cuarto de juegos: SI. Centros Comerciales Cercanos: SI. Cuarto de TV: SI. Walk in closet: SI. Parque privado de la barriada: SI.","Punta La Boca, Santiago, Nuevo León",13200000
666625337,27,25.727776,-100.1734,3,2,126,167,"Casa en Venta en Recova Residencial. Fraccionamiento Nominado al mejor proyecto de vivienda Horizontal, equipado con Caseta de Vigilancia, Ciclopista y hermosas áreas verdes. Muy Cerca de Av. Concordia, y Miguel Alemán. Completamente Equipada, Lista para Habitar. La casa casa esta ubicada frente al parque, al final de la rotonda, cuenta con: Paneles Solares, Puerta de Seguridad, Sistema Inteligente, Techos de diferentes alturas, Portón Eléctrico, canceles, candiles, mini splits, y acabados de lujo. PLANTA BAJA: Cochera techada para dos autos sala- comedor con mini-split y puerta corrediza al patio. cocina integral con cubierta de Granito, parrilla, horno y campana. Patio con asador y un hermoso diseño de jardín. Pasillo Lateral con Lavandería techada. Bodega de triques bajo la escalera 1/2 baño PLANTA ALTA: Recamara Principal con techos altos, cuenta con baño y vestidor, ventanas panorámicas, área de estar y minisplit. 2 Recamaras Secundarias: equipadas con minisplit. baño completo Estancia con minisplit Otras Caracteristicas: Caseta de guardia: SI. Patio: 1. Urbanización privada: SI. Cortinas/Persianas: SI. Acabados de Lujo: SI. Centros Comerciales Cercanos: SI. Cocina integral: SI. Estado de conservación: Excelente. Forma del terreno: Irregular. Número de pisos: 2. Walk in closet: SI. Calle sin salida: SI. Parque privado de la barriada: SI.","Privadas Santa Fe, Apodaca, Nuevo León",1990000
666625341,34,25.636659,-100.3294,5,7,530,836,"HERMOSA RESIDENCIA EN VENTA. ESTILO CONTEMPORANEO EXCELENTES ACABADOS Y UBICACIÓN. - Cochera techada para 6 autos en el sotano y primera planta - 7 1/2 baños - 5 recamaras con walk in closet - Cuarto de Juegos - 2 lavanderias - Cuarto de Servicio - Terrazas y Balcones - Cocina Equipada - Doble Sala - Recibidor - Comedor Independiente - Estancia de cocina - Bar - Alberca -Asador - Cuarto de maquinas - Cuarto de Heramientas. PARA MAS INFORMACIÓN Y CITAS, FAVOR DE CONTACTARNOS. EXPERTOS EN INMUEBLES Otras Caracteristicas: Asador: SI. Area de lavandería: SI. Caseta de guardia: SI. Cuarto de máquinas: SI. Terraza: SI. Lavadora/Secadora: SI. Sala de estar: SI. Cuarto de juegos: SI. Calentador de agua: SI. Acabados de Lujo: SI. Vapor: SI. Cuarto de TV: SI.","Balcones Del Campestre, San Pedro Garza García, Nuevo León",32500000
666625345,25,25.758791,-100.4026,3,2,108,146,"Casa en Venta en colonia privada, con caseta de vigilancia y parque interior, Col. Real de Cumbres, fraccionamiento localizado entre Ave. Paseo de los Leones y Ave. Ruiz Cortinez y entre Paseo de Cumbres y Ave. Real de Cumbres (Monterrey). Privada Las Villas. A unos minutos de Plaza Cumbres, Tec Milenio, Colegio The Hills, Colegio Cambridge, Instituto Stanford, Clinicas, Supermercados, Escuelas, Restaurantes muy cercanos. Descripción de la Propiedad: 6.00 m de Frente x 18.00 m de Fondo. Terreno Regular Superficie de Terreno: 108.00 m2 Construcción: 146.00 m2 Planta Baja Cochera techada para 2 autos Sala Comedor Cocina Lavanderia techada Patio de 6.00 x 3.80 = 22 m2 de area libre para jardin Planta Alta 1 Recamara Principal con Baño privado y Vestidor y minisplit Terraza al frente 2 Recámaras Secundarias (1 con minisplit) 1 Baño completo compartido para las rec. secundarias. Posibilidad para futura ampliacion Agende una cita ya! Expertos en Inmuebles ID de la Propiedad: (30-CV-847 SIL) Otras Caracteristicas: Caseta de guardia: SI. Seguridad privada: SI. Closets : 1. Sala de estar: SI. Calentador de agua: SI. Parque privado de la barriada: SI.","Real De Cumbres 1er Sector, Monterrey, Nuevo León",1900000
666625347,29,25.794521,-100.3134,3,2,105,114,"Residencial Aviana Excelente fraccionamiento!! Casa de 2 plantas, 3 recamaras en fraccionamiento privado con caseta de Vigilancia, con la mejores vías de acceso en Escobedo. A 5 minutos de Plazas Outlet, Barragán y Sendero. Ademas cuenta con Club Deportivo dentro de la Zona (equipado con Gimnasio, Alberca, Asadores, Canchas y mas...) La casa cuenta con vista al Club Residencial Aviana, acabados de lujo, techos altos, puerta de seguridad, ventanas amplias con protectores y cerco eléctrico. Planta baja: cochera sala comedor cocina 1/2 baño Bodeguita lavandería techada pasillo lateral y patio planta alta: recamara principal con baño vestidor 2 recamaras secundarias y baño completo Para más información contáctanos. Otras Caracteristicas: Asador: SI. Area de lavandería: SI. Caseta de guardia: SI. Cerca eléctrica: SI. Patio: 1. Urbanización privada: SI. Area de eventos: SI. Area deportiva: SI. Cancha(s): SI. Extractor de olores: SI. Cortinas/Persianas: SI. Servicios básicos (agua/luz): SI. Cancha de tenis: SI. Salón de usos múltiples: SI. Centros Comerciales Cercanos: SI. Chapoteadero: SI. Número de pisos: 2. Walk in closet: SI.","Privada Residencia Hacienda Anáhuac, San Nicolás De Los Garza, Nuevo León",1380000
666625351,30,25.784138,-100.4234,4,2,99,127,"Casa muy amplia y finamente decorada Planta baja * Cochera techada para 1 carro con reja * Pórtico con reja * Espaciosa sala y comedor con dos abanicos de techo * Cocina integral ampliada de madera de pino nueva y con espacio para refrigerador duplex, espacio para lavavajillas, espacio para estufa y campana. * Lavandería techada * Medio baño Planta alta * Recámara principal con baño y closet muy amplio de pino, incluye minisplit de 1 tonelada * Recámara secundaria con closet de manera de pino y minisplit * Dos recámaras más con closet de madera de pino * Baño que comparten las dos recámaras secundarias * Una estancia muy amplia que puede usarse cómo quinta recámara, estancia o oficina. La casa esta valuada en más de 1'500,000.00 por los metros de construcción, todos los closets, cocina integral y dos climas. El sector tiene una palapa muy amplia para eventos, la cancha de fútbol con cerca y juegos infantiles muy bonitos y cuidados. La seguridad es de las mejores, ya que los guardias hablan a la casa para poder dejar pasar a las visitas, es decir no entra gente externa. Otras Caracteristicas: Asador: SI. Caseta de guardia: SI. Seguridad privada: SI. Cancha(s): SI. Parque privado de la barriada: SI.","Mitras Poniente Sector Guadalcazar, García, Nuevo León",1260000
666625363,30,25.784646,-100.4305,3,1,124,94,"Casa en venta Mitras Poniente Sector Ensenada Excelente ubicación en esquina y con terreno excedente!! No pierdas la oportunidad disponible para todo tipo de crédito La casa cuenta con lo siguiente: Planta baja * Cochera para un carro * Sala comedor con ventanal al patio * Medio baño * Patio trasero muy amplio * Patio de lado Planta alta * Recámara secundaria con minisplit mirage * Recámara principal con roperia * Recámara secundaria con espacio para closet * Baño completo La casa tiene una excelente iluminación por su ventanal al patio lateral. Disfruta de tus carnes asadas en el amplio patio. La privada tiene cancha de fútbol, juegos infantiles y saloncito para eventos No dejes que te la ganen!! Otras Caracteristicas: Caseta de guardia: SI. Area de eventos: SI. Cancha(s): SI. Área de Juegos Infantiles: SI.","Mitras Poniente Ensenada, García, Nuevo León",970000
666625366,25,25.612748,-100.2642,3,2,115,157,"BAJA DE PRECIO!! Casa recién remodelada, con vista privilegiada. Excelente distribución de espacios. Calle Privada en Zona Sur, zona muy tranquila y segura y bien ubicada, con buenos accesos a las principales avenidas. Cuenta con 4 plantas. PRIMER NIVEL: Cochera doble, sala, comedor y cocina SEGUNDO NIVEL: 2 recámaras, lavanderia techada, cuarto de servicio TERCER NIVEL: Recamara principal CUERTO NIVEL: Patio Equipada con dos minisplits, (en área social 2 tons y 1 1/2 en recámara principal inverter) Para mas información favor de contactarnos. Expertos en Inmuebles Otras Caracteristicas: Patio: 1. Iluminación: SI. Gas: SI.","Villa Las Fuentes, Monterrey, Nuevo León",2890000
666625367,33,25.600342,-100.0446,4,3,500,250,"Excelente propiedad en venta, puede usarse como casa habitación o negocio, ya que muy cerca hay talleres, yonkes. autopartes, etc. Distribución Consta de 4 habitaciones, cocina, 3 baños completos, un cuarto al frente que fue local comercial en un tiempo. cuenta con servicios de agua y luz y bomba de agua, tiene arboles de limón, aguacate, cuenta con cochera para 2 autos o mas, sin techar. No cuenta con drenaje ni gas Otras Caracteristicas: Iluminación: SI. Calentador de agua: SI. Servicios básicos (agua/luz): SI. Pozo de Agua: SI. Centros Comerciales Cercanos: SI. Acceso discapacitados: SI. Acceso tercera edad: SI. Forma del terreno: Plano.","Cadereyta, Cadereyta Jiménez, Nuevo León",1200000
666625397,34,25.680177,-100.3991,4,2,120,171,"LA CASA ESTÁ EN OBRA GRIS EN LA MAYOR PARTE 
 
CUENTA EN LA PLANTA BAJA CON: 
 
SALA 
COMEDOR 
COCINA INTEGRAL DE CONCRETO FORRADA DE MOSAICO (NO CUENTA CON ESTUFA) 
BAÑO COMPLETO 
RECÁMARA 
AMPLIO PATIO EN DESNIVEL 
 
EN LA PLANTA ALTA: 
 
ESTANCIA 
BAÑO COMPLETO 
3 RECÁMARAS MUY AMPLIAS 
TERRAZA","Villas Del Obispo, San Pedro Garza García, Nuevo León",900000
666625405,26,25.647794,-100.2101,3,3,115,106,"La propiedad se encuentra en esquina y cuenta con terreno excedente. La calle es cerrada por lo que el tránsito es solo local. 
 
 
Ubicada en zona tranquila y muy cerca de vialidades tales como Prof. Israel Cavazos, Villa Olímpica y Eloy Cavazos. 
 
Así como también de supermercado, tienda de conveniencia, escuelas, etc 
 
 
 
Planta Baja 
 
* Cochera para dos autos con reja 
 
* Sala Comedor 
 
* Baño completo 
 
* Cocina integral con campana, tarja y mezcladora. 
 
* Lavandería techada 
 
* Patio con amplio pasillo lateral 
 
 
 
Planta Alta 
 
* Recámara principal con baño completo 
 
* 2 recámaras secundarias 
 
* Baño completo 
 
* Espacio que podría utilizarse como una pequeña bodega o closet extra 
 
 
 
La propiedad cuenta con puerta de seguridad, protectores de varilla solida de 3/4, cadillos de acero en toda la barda, recién impermeabilizada.","Collados De Guadalupe 2do Sector, Guadalupe, Nuevo León",1200000
666625406,27,25.712918,-100.1783,3,2,91,127,"Colonia Privada en Apodaca - Privada Castilla Con parque privado Equipada con: 2 minisplits, 2 abanicos de techo, persianas, lámparas de techo La casa cuenta con cochera para 2 autos, protectores Primer Piso: cocina, sala y comedor, medio baño, lavanderia y patio techado Segundo Piso: estancia y recamara principal con baño completo, 2 recamaras secundarias muy amplias con closets, comparten 1 baño completo. Para mas información favor de contactarnos Expertos en Inmuebles Otras Caracteristicas: Area de lavandería: SI. Caseta de guardia: SI. Internet/Wifi: SI. Seguridad privada: SI. Sala de estar: SI. Servicios básicos (agua/luz): SI. Área de Juegos Infantiles: SI. Gas: SI. Parque privado de la barriada: SI. Sala y Comedor: SI.","Apodaca, Nuevo León",1150000
666625407,27,25.791983,-100.1783,3,2,126,124,"Bonita casa en sector privado Bien ubicada, muy cerca de Camino Antiguo a Agua Fría, Blvd. Arco Vial, Carretera Monterrey - Reynosa y Carretera Miguel Alemán. Planta Baja: Sala - Comedor Cocina integral con barra y alacena. Material cuarzo y MDF de alto brillo Medio Baño Lavandería techada Patio de buen tamaño con pasillo de servicio Cochera techada para dos autos Barda de buena altura con sistema de cerca electrificada Planta Alta: Recámara principal con balcón y baño completo 2 recámaras secundarias, las cuales comparten baño Estancia Todas las ventanas cuentan con protección Otras Caracteristicas: Caseta de guardia: SI.","Residencial Apodaca, Apodaca, Nuevo León",1130000
666625418,25,25.729515,-100.3656,5,2,142,170,"CASA EN ESQUINA CON EXCELENTE UBICACIÓN Y CERCA DE TODO: VIALIDADES, HOSPITALES, CENTROS COMERCIALES, ESCUELAS, IGLESIAS, A 4 CUADRAS DE AV. LINCOLN. 
 
LA PROPIEDAD CUENTA EN LA PLANTA BAJA CON: 
 
- BARANDAL DE PROTECCIÓN 
- JARDÍN 
- PATIO TRASERO QUE SIRVE DE COCHERA SIN TECHAR 
- RECIBIDOR 
- BAÑO COMPLETO 
- 2 RECÁMARAS MUY AMPLIAS 
- AMPLIO ESPACIO PARA COLOCAR COCINA INTEGRAL Y ESTUFA 
- UNA DE LAS RECÁMARAS DE LA PLANTA BAJA ESTUVO HABILITADA COMO PEQUEÑA TIENDA DE ABARROTES CON PERMISO DE VENTA DE CERVEZA 
 
EN LA PLANTA ALTA: 
 
- ESTANCIA 
- TERRAZA 
3 RECÁMARAS AMPLIAS 
1 BAÑO COMPLETO 
 
EL PERMISO DE VENTA DE CERVEZA SOLO LO TIENE QUE ACTUALIZAR EL DUEÑO, PERO LO HACE DE INMEDIATO SI HAY ALGÚN INTERESADO EN UTILIZAR LA PROPIEDAD COMO COMERCIO. 
 
LA PROPIEDAD TIENE GRAVAMEN CON EL IMSS POR APROX. 80 MIL PESOS","Santa Cecilia, Monterrey, Nuevo León",1300000
666625437,28,25.791723,-100.2762,3,2,135,219,"Fraccionamiento Privado y de alta plusvalía, amplios espacios, parques y areas recreativas. Cerca de Parque Lineal República Mexicana y Ave. Sendero. Colegio Oxford, Colegio Nouveau Anahuac, Nuevo HEB Ave. Concordia, Plaza Bella Anahuac, Smart Fit, Walmart... excelente ubicación! 
Lote de 7.50 x 18.00 
 
 
 
Planta Baja 
 
- Cochera techada para 2 autos 
- Medio Baño 
- Sala 
- Comedor 
- Cocina integral con cubierta de granito 
- Lavandería Techada/Cuarto de Servicio 
- Patio social 
 
Planta Alta 
 
- 1 Recámara principal con Vestidor y roperías 
- Baño completo en Rec. principal con doble lavabo 
- 2 Recámaras secundarias 
- Estancia familiar 
- Espacio multifuncional preparado para escalera a 3er nivel a futuro. 
- Baño completo en P.Alta. 
 
 
Expertos en Inmuebles 
 
ID PROPIEDAD: 30-CV-736 SIL","Calzadas Anáhuac, General Escobedo, Nuevo León",2200000
666625440,29,25.712143,-100.2934,2,1,144,97,"CASA EN VENTA, ZONA SAN NICOLAS, COL. EL REFUGIO 2DO SECTOR. Casa de 1 planta, con excelente estado de conservacion. Esta muy bien ubicada en los limites de San Nicolas y Apodaca, a 2 cuadras de Montes Berneses, a 10 minutos de Sam's Club, Walmart, Ave. Sendero, Ave. República Mexicana. Libre de gravamen. Cochera para 1 auto Barda perimetral y reja. Cocina amplia y area de Comedor Lavanderia techada Sala amplia Baño completo 2 Recamaras con closet Pasillo lateral Patio trasero muy amplio Ideal para adultos mayores, con recámaras en planta baja y baño completo, la casa está muy bien cuidada y papelería en orden. ¡Agende una cita ya! Expertos en Inmuebles ID Propiedad: 30-CV-746 SIL Otras Caracteristicas: Centros Comerciales Cercanos: SI. Número de pisos: 1.","El Refugio Sector 1, San Nicolás De Los Garza, Nuevo León",850000
666625453,28,25.768646,-100.30771,4,2,180,155,"CASA EN VENTA EN ESCOBEDO RESIDENCIAL NEXXUS PLATINO II, EN ESQUINA Y CON TERRENO EXCEDENTE ...NEGOCIABLE 30-CV-737 SIL Casa con amplios espacios, en esquina, cuenta con ampliación y área social, ubicada en fracc. privado con vigilancia 24/7 Planta Baja Cochera Recibidor Sala Comedor Cocina equipada Alacena muy amplia Lavandería techada Cuarto bodega Patio social techado, con asador Planta Alta Recámara principal muy amplia con baño y vestidor 2 Recamaras con closet Baño completo Estancia que puede ser una 4ta recamara Es una casa muy bien ubicada, con salida rapida a Manuel L. Barragan, Sendero, cerca de colegios, HEB, Walmart, Las Plazas Outlet, Soriana Sendero, Hospitaria. NEGOCIABLE !!!! Expertos en Inmuebles ID PROPIEDAD: 30-CV-737 SIL Otras Caracteristicas: Caseta de guardia: SI. Patio: 1. Centros Comerciales Cercanos: SI. Walk in closet: SI. Sala y Comedor: SI.","Nexxus Residencial Sector Platino, General Escobedo, Nuevo León",2200000
666625547,27,25.776468,-100.1858,3,3,116,165,"Propiedad ubicada en Cerradas de Santa Rosa. (MLP) Fraccionamiento privado con vigilancia. PRIMER NIVEL Cochera para 2 autos Sala comedor Moderna cocina integral Pasillo lateral Patio trasero Medio baño Clima SEGUNDO NIVEL Recamara principal con baño completo y vestidor 2 recámaras secumdarias con closet, comparten baño completo Sala de TV TERCER NIVEL lavandería Cuarto de servicio con baño completo Terraza Espacio listo para una 4ta recámara o salon de juegos ADICIONALES Protecciones Clima Lamparas de techo de sala-comedor Otras Caracteristicas: Caseta de guardia: SI. Condominio: SI. Jardín(es): SI. Terraza: SI. Seguridad privada: SI. Closets : 1. Salón de usos múltiples: SI. Gas: SI.","Cerradas De Santa Rosa 1s 1e, Apodaca, Nuevo León",1800000
666625733,30,25.800625,-100.4367,2,1,90,80,"LA CASA CUENTA CON: 
COCHERA PARA UN AUTO 
SALA 
COMEDOR 
ESPACIO PARA COLOCAR COCINA INTEGRAL 
2 RECAMARAS DE BUEN TAMAÑO 
BAÑO COMPLETO 
PATIO 
TIENE PREPARACIÓN PARA CONSTRUIR UN SEGUNDO PISO (5 COLUMNAS CON SUS ZAPATAS) 
CERCA DE COMERCIO Y ESCUELAS.","Paraje San José, García, Nuevo León",600000
666625742,32,25.65526,-100.4262,4,4,321,519,"ESTRENA HERMOSA RESIDENCIA EN VALLE PONIENTE DISEÑADA Y CONSTRUIDA CON LA MAS ALTA CALIDAD PANELES SOLARES TERRAZA-ASADOR LAVANDERIA BAÑOS Y VESTIDORES EQUIPADOS PISO PRINCIPAL MARMOL PLACA COMPLETA CUENTA CON TRES RECAMARAS Y 4 1/2 BAÑOS RECIBIDOR , SALA ,COMEDOR,COCINA INTEGRAL DUELA EN RECAMARAS ALTURA EN LOS TECHOS CON ELEGANTE DISEÑO DE PLAFONES Otras Caracteristicas: Caseta de guardia: SI. Jardín(es): SI. Patio: 1. Terraza: SI. Acabados de Lujo: SI. Centros Comerciales Cercanos: SI. Cuarto de TV: SI. Número de pisos: 3. Walk in closet: SI. Sala y Comedor: SI.","Las Almenas, Santa Catarina, Nuevo León",19000000
666625745,26,25.652937,-100.1878,4,2,105,280,"Hermosa propiedad con finos acabados y excelentes condiciones. Cerca de importantes avenidas, como Mtro. Israel Cavazos, Eloy Cavazos, Pablo Livas, Centros comerciales, hospitales etc. La colonia es RINCON DE GUADALUPE Cuenta con 4 recamaras, 2 baños y medio, sala comedor, cocina integral con acabados en madera, lavanderia techada, cochera con porton manual para un carro, puerta doble en entrada principal de madera de cedro, escalera tambien en madera de cedro y cuenta con patio pequeño Otras Caracteristicas: Area de lavandería: SI. Internet/Wifi: SI. Iluminación: SI. Closets : 2. Calentador de agua: SI. Extractor de olores: SI. Cortinas/Persianas: SI. Servicios básicos (agua/luz): SI. Centros Comerciales Cercanos: SI. Gas: SI. Cocina integral: SI. Número de pisos: 2. Sala y Comedor: SI. Tanque de reserva de agua: SI.","Rincón De Guadalupe, Guadalupe, Nuevo León",1030000
666625761,34,25.664098,-100.3652,3,5,393,440,"Estrene esta propiedad, en la colonia Fuentes Del Valle. Totalmente nueva, con excelentes acabados. En Esquina. La propiedad cuenta con 393m2 de Terreno y 440m2 de Construcción. Cochera para 3 automóviles. Fachada realizada con Cantera, Granito y Madera de cumarú. En la planta baja: Cocina Integral Boato Equipado con Lobby y Medio baño de visitas. Área Sala, Comedor, Bar y Tv. Jardín con Alberca de 24m2. Cuarto de Servicio. En Planta Alta: 3 Recámaras, cada una con walk-in closet y baño. Sala de Tv / Estudio. Lavandería y Terrazas al aire Libre. Pisos de mármol y duela en interiores, y porcelanato y granito en exteriores, puertas de madera de Nogal, y closets en madera de Encino. Ventanería Cuprum Eurovent. Conózcala, para mas información favor de contactarnos. Expertos en Inmuebles. Otras Caracteristicas: Bodega(s): 1. Jardín(es): SI. Terraza: SI. Vestidores: SI. Closets : 1. Centros Comerciales Cercanos: SI. Gas: SI. Cristalería: SI. Sala y Comedor: SI.","Del Valle, San Pedro Garza García, Nuevo León",18000000
666625772,26,25.663158,-100.2381,3,3,190,160,"LA CASA ES DE UNA PLANTA Y CUENTA CON: 
PORCHE TECHADO 
SALA 
COMEDOR 
3 RECÁMARAS 
2 BAÑOS (1 EN EL PATIO) 
COCINA (SIN COCINA INTEGRAL) 
LAVANDERÍA TECHADA 
AMPLIO PATIO CON DOS ÁRBOLES FRUTALES (NARANJO Y LIMÓN) 
REJA DE PROTECCIÓN 
LA PROPIEDAD TIENE UNA UBICACIÓN PRIVILEGIADA YA QUE SE ENCUENTRA DETRÁS DEL ESTADIO DE LOS RAYADOS Y MUY CERCA DE COMERCIOS, ESCUELAS, IGLESIAS, Y PARQUES DE DIVERSIÓN. 
LA CASA TIENE PISO DE CONCRETO PULIDO","Tolteca, Guadalupe, Nuevo León",1700000
666625807,25,25.58527,-100.2758,3,6,1003,785,"Residencia en San Michelle, Monterrey NL dentro de Fraccionamiento residencial de solo 30 amplios lotes de más de 1,000m2 cada uno, con acceso controlado mediante caseta de vigilancia y portón, ubicada al final de privada con increíbles vistas hacia la Sierra Madre y la zona de Sierra Alta Con acabados de lujo (Porcelanato, Mármol, Granito, Madera, Cantera, Cristal, etc) los cuales serán elegidos por su comprador. Edificada sobre un terreno descendente de 1003m2, con 785m2 de construcción, Alberca, cocina y muchos extras mas Su precio en Pre Venta es de 15,500,000.00 pesos MN, Incluye: Preparación para futura alimentación por medio de celdas solares Cisterna, puesta en marcha Preparación para elevador, incluye toda la estructura e instalaciones necesarias exceptuando el equipo Preparación, para recibir clima central en área social, incluye los ductos necesarios y difusores, (NO INCLUYE EQUIPO), Alarma Sistema de Automatización Control inteligente de Iluminación Sistema de riego Asador, con cubierta de granito nacional y parrilla de acero inoxidable Cocina, con cubierta de granito nacional, y gabinetes en madera de Okume o banak Alberca de 24m2 recubierta con mosaico veneciano Cuenta con las siguientes Áreas En la planta de Acceso o Cochera para 3 autos o Vestíbulo-recibidor o baño o Sala o Terraza o Comedor o Bar o Family Room o Desayunador o Cocina o Elevador o Área de blancos con Zink o Oficina con baño completo (Recamara opcional) o Jardín o Acceso principal, de servicio y social En Sótano 1 o Recamara principal con Baño-Vestidor y terraza con espectacular vista o 2 recamaras con su Baño-Vestidor o Área de blancos con Zink o Elevador o Ducto para ropa sucia directo a Lavandería o Estancia Familiar En Sótano 2 o Cuarto de cine o Cuarto de Juegos o Bar o Terraza social o Elevador o Cuarto de servicio con baño completo o Lavandería o Baño Completo o Área de Asador techada o Alberca recubierta con mosaico veneciano o Cuarto de Maquinas o Posible terraza adicional La vivienda se encontrará lista para elegir sus acabados en Septiembre del 2018, estos serán a elección del cliente dentro de las especificaciones contempladas. Otras Caracteristicas: Asador: SI. Area de lavandería: SI. Bodega(s): 1. Caseta de guardia: SI. Internet/Wifi: SI. Jardín(es): SI. Sauna: SI. Terraza: SI. Baño de servicio: 1. Seguridad privada: SI. Lavadora/Secadora: SI. Sistema de ventilación: SI. Circuito Cerrado: SI. Sistema de alarma de seguridad: SI. Calentador de agua: SI. Sala de música y cine: SI. Servicios básicos (agua/luz): SI. Acabados de Lujo: SI. Área de Juegos Infantiles: SI. Centros Comerciales Cercanos: SI. Gas: SI. Cocina integral: SI. Forma del terreno: Irregular. Número de pisos: 1. Sótano: SI. Walk in closet: SI. Calle sin salida: SI. Sala y Comedor: SI.","San Michelle, Monterrey, Nuevo León",15500000
666625833,26,25.675114,-100.2693,4,2,95,194,"Casa en venta en la Col. Paraíso, cerca de avenidas importantes como Morones prieto y Revolución. LA PLANTA BAJA CUENTA CON: COCHERA PARA UN AUTO CON PORTON ELECTRICO PEQUEÑO RECIBIDOR SALA COMEDOR AMPLIO COCINA DE MADERA MUY AMPLIA RECAMARA BAÑO COMPLETO LAVANDERIA TECHADA LA PLANTA ALTA CUENTA CON: ESTANCIA CON ACCESO A PEQUEÑA TERRAZA 3 RECAMARAS UNA DE ELLAS CON ACCESO A UNA TERRAZA BAÑO COMPLETO Otras Caracteristicas: Patio: 1. Terraza: SI. Lavadora/Secadora: SI. Balcón(es): 1. Closets : 2. Cortinas/Persianas: SI. Gas: SI. Cocina integral: SI. Forma del terreno: Regular. Número de pisos: 2. Sala y Comedor: SI.","Paraíso, Guadalupe, Nuevo León",1400000
666625835,25,25.700752,-100.3207,4,2,157,127,"Cuenta con amplios espacios, y una ubicación muy accesible. 
 
Recepción, oficina, sala de juntas, área de trabajo, área de café, dos y medio baños, patio, y pequeña bodega. 
 
El perímetro de la propiedad cuenta con cerca electrificada. 
 
 
Está situada en esquina, tiene entrada por las dos calles.","Industrial, Monterrey, Nuevo León",1200000
666625847,29,25.75559,-100.2652,3,2,120,149,"CASA DE DOS PLANTAS UBICADA CERCA DE AV. MONTE BERNECES. CERCA DE AV. PRINCIPALES, PLAZAS COMERCIALES Y ESCUELAS LA PLANTA BAJA CUENTA CON: PÓRTICO RECIBIDOR ÁREA DE SALA Y COMEDOR MUY AMPLIA ÁREA DE ESTANCIA DE T.V. RECAMARA PRINCIPAL BAÑO COMPLETO COCINA EQUIPADA CON ANTE-COMEDOR ÁREA DE LAVANDERÍA Y PATIO DE SERVICIO LA PLANTA ALTA CUENTA CON: PEQUEÑA ESTANCIA RECAMARA 1 CON ACCESO A TERRAZA RECAMARA 2 BAÑO COMPLETO COMPARTIDO CUARTO DE TRICKETS UTILIZADO ACTUALMENTE COMO CLOSET PREPARACIÓN PARA RECAMARA 3 (SOLO CUENTA CON MUROS, CASTILLOS Y CERRAMIENTOS) FALTA COLADO DE LOSA Y ACABADOS LA CASA TIENE MUY BUENA UBICACIÓN, ESTA LISTA PARA HABITARSE, SE QUEDA LA COCINA EQUIPADA CON ESTUFA Y CAMPANA EXCEPTO REFRIGERADOR Y DEMÁS MOBILIARIO Otras Caracteristicas: Patio: 1. Sala de estar: SI. Servicios básicos (agua/luz): SI. Centros Comerciales Cercanos: SI. Gas: SI. Cocina integral: SI. Piso en el que se encuentra: 2. Sala y Comedor: SI.","Valle De Las Flores Sector 2, San Nicolás De Los Garza, Nuevo León",1300000
666625854,28,25.783199,-100.31637,3,2,90,162,"CERCA DE AV. RAUL SALINAS Y CENTROS COMERCIALES (H.E.B.) CASA EN DOS PLANTAS, IDEAL PARA RENTAR PLANTA ALTA YA QUE ESTA DIVIDIDA Y CUENTA CON : PLANTA BAJA COCHERA PARA 1 AUTO TECHADA SALA COMEDOR COCINA RECAMARA CON BAÑO COMPLETO PLANTA ALTA ESCALERAS ACCESO DE COCHERA ESTANCIA (UTILIZADA COMO COCINA) BAÑO COMPLETO 2 RECAMARAS MUY AMPLIAS NOTA: LA CASA ACTUALMENTE SE ESTA RENTANDO LA SEGUNDA PLANTA. Otras Caracteristicas: Servicios básicos (agua/luz): SI. Gas: SI. Cuarto de TV: SI. Estado de conservación: Bueno. Forma del terreno: Regular. Número de pisos: 2. Sala y Comedor: SI.","Roble Nuevo, General Escobedo, Nuevo León",980000
666625865,25,25.685564,-100.2852,2,2,245,173,"Ideal para: 
Remodelar 
Acondicionar para negocio 
Acondicionar para bodega 
 
Excelente ubicación, ya que la propiedad se encuentra muy cerca de Pablo A. de la Garza, Antonio I. Villarreal, Colón, Madero","Madero, Monterrey, Nuevo León",1400000
666625876,25,25.657819,-100.3028,3,2,272,170,"CASA EN VENTA COL. NUEVO REPUEBLO, PUEDE SER PARA HABITARSE O PARA NEGOCIO MUY CENTRICA, A ESCASOS 5 MINUTOS DEL CENTRO DE MTY MULTIMEDIOS, TECNOLOGICO, ETC. Otras Caracteristicas: Area de lavandería: SI. Patio: 1. Iluminación: SI. Calentador de agua: SI. Cortinas/Persianas: SI. Servicios básicos (agua/luz): SI. Centros Comerciales Cercanos: SI. Gas: SI. Acceso tercera edad: SI. Sala y Comedor: SI.","Nuevo Repueblo, Monterrey, Nuevo León",1800000
666625887,27,25.751713,-100.2386,3,2,90,90,LA CASA CUENTA EN LA PLANTA BAJA CON: DOBLE COCHERA TECHADA SALA COMEDOR COCINA (NO TIENE COCINA INTEGRAL) AMPLIO PATIO BAÑO DE VISITAS EN LA PLANTA ALTA: RECAMARA PRINCIPAL CON BAÑO Y VESTIDOR 2 RECAMARAS SECUNDARIAS 1 BAÑO COMPLETO PARA LAS RECÁMARAS SECUNDARIAS Otras Caracteristicas: Patio: 1. Closets : 3. Servicios básicos (agua/luz): SI. Centros Comerciales Cercanos: SI. Gas: SI. Estado de conservación: Excelente. Forma del terreno: Regular. Número de pisos: 2. Walk in closet: SI. Sala y Comedor: SI.,"Balcones Del Mezquital, Apodaca, Nuevo León",870000
666625897,26,25.640411,-100.1934,2,1,90,67,CASA DE UNA PLANTA EN GUADALUPE Otras Caracteristicas: Centros Comerciales Cercanos: SI. Acceso tercera edad: SI.,"Nueva Aurora, Guadalupe, Nuevo León",650000
666625912,25,25.612748,-100.2642,3,3,242,330,"Casa con amplios espacios y buena iluminación natural. 
 
 
Planta Baja 
 
Cochera doble techada con portón 
Pequeño jardín en la parte frontal de la casa 
Baño completo 
Estudio que también se podría utilizar como recámara 
Pequeño patio interior que da un toque especial al área social 
Sala - Comedor 
Cocina 
Lavandería techada 
Espacio que puede ser utilizado como cuarto de herramientas o para guardar cosas. 
Patio / Jardín de muy buen tamaño 
Asador 
Medio baño que se puede utilizar cuando se tenga alguna reunión en el jardín. 
Pasillo lateral 
 
Planta Alta 
 
Le faltan algunos pequeños detalles para que quede totalmente terminada; por lo que puede aprovechar para hacerlo a su gusto. 
 
Amplia estancia 
Recámara principal con baño completo, walking closet. Cuenta con linda vista al cerro. 
La recámara secundaria esta pensada para que sean dos por su gran tamaño; si se desea se puede dividir, y compartirían baño. 
Hay opción para que la estancia se comunique a una terraza que tenga vista al jardín de la parte trasera de la propiedad.","Villa Las Fuentes, Monterrey, Nuevo León",3200000
666625943,30,25.791939,-100.5788,2,1,90,45,"Casa de oportunidad para invertir en negocio!! o para habitar. 
Es calle comercial 
Casa de una planta con pórtico cerrado, cocina y sala, 2 recámaras y baño. 
 
Privada las Villas a 4 cuadras de Famsa Villa de García.","Privadas De Las Villas, García, Nuevo León",650000
666625970,34,25.625283,-100.3659,3,5,960,641,"Propiedad ubicada en Valle de San Angel, San Pedro Garza García. Hermosa área boscosa, en la Sierra Madre. Alejada del ruido y tráfico de la ciudad. La propiedad cuenta con un terreno de 960mt2, el frente da a una calle residencial y la parte trasera colinda a una de las avenidas principales de la colonia. Construcción de 640mt2, que consta de: Planta Baja: Recibidor Baño de Visitas Amplia Sala Comedor con excelente vista a la ciudad Sala Secundaria con chimenea Ante-comedor con vista al jardín Estudio Amplia área de Cocina Lavandería Cuarto de Servicio Extensa área de jardín en descenso con espació suficiente para adecuar área de asador, alberca y/o cuarto de juegos. Tanto el jardín como el área sala-comedor son excelentes para reuniones y eventos sociales Planta Inferior: Estancia Recámara principal muy espaciosa Baño muy amplio con tina de hidromasaje Walk-in closet 2 recámaras secundarias, cada una con baño y closet La construcción cuenta con muy buena distribución y aprovechamiento de los espacios, excelente para adecuarla a su gusto. Cochera para 2 autos. Otras Caracteristicas: Calentador de agua: SI. Servicios básicos (agua/luz): SI. Cocina integral: SI. Cuarto de TV: SI.","Valle De San Ángel Sect Jardines, San Pedro Garza García, Nuevo León",24000000
666625982,34,25.641375,-100.3659,3,4,414,553,"Recibidor Sala Comedor Antecomedor Cocina equipada, despensa Recámara principal con baño y vestidor 2a y 3a recámaras secundarias con baño y vestidor Closet de blancos Estancia Salón de juegos Biblioteca Terraza Alberca Cuarto de servicio con baño completo Lavandería, patio de tendido Bodega Cochera techada para 2 carros Tiene clima central seccionado Minisplit adicional en la recámara principal y en cuarto de juegos. Tiene parquet en recámaras, sala y comedor Duela de encino en la estancia Otras Caracteristicas: Asador: SI. Bodega(s): 1. Calentador de agua: SI. Servicios básicos (agua/luz): SI. Salón de usos múltiples: SI. Centros Comerciales Cercanos: SI. Gas: SI. Cocina integral: SI. Cuarto de TV: SI. Espacios para autos: 2.","Valle De Chipinque, San Pedro Garza García, Nuevo León",13490000
666625985,26,25.655566,-100.2691,6,3,280,303,"+ Propiedad con amplio terreno y construcción, muy cerca de vías importantes como Av. Chapultepec, Av. Las Américas, Av. Eloy Cavazos + Excelente Oportunidad para remodelar y adecuar a sus necesidades (se podría acondicionar para convertirla en dos casas o departamentos). + Escalera exterior para subir al segundo nivel. + Negociable. Amplio terreno y construcción, cercano a vías importantes como Av. Chapultepec y Av. Las Américas. Buena opción para remodelar y adecuar a sus necesidades (se podría acondicionar para convertirla en dos casas o departamentos). *Primer Piso: Area Sala-Comedor Cocina 2 Recamaras 2 Baños 2 Recamaras Independientes en el área exterior. 1 Cuarto independiente que da al frente de la calle, ideal para estudio, bodega u oficina. *Segundo Piso. Acceso Independiente. Área Sala-Comedor. 2 Recámaras. 1 baño completo. Cocina. Terraza. *Escalera en el exterior. Otras Caracteristicas: Centros Comerciales Cercanos: SI.","25 De Noviembre, Guadalupe, Nuevo León",1150000
666625987,28,25.784985,-100.3225,3,3,81,182,"Casa enorme de tres pisos y con terraza Primer piso * Cochera techada con reja * Cuarto de servicio con baño completo * Sala * Comedor * Cocina integral madera de encino * Fuente Segundo piso * 3 recámaras * 2 baños Tercer piso * Terraza * Baño completo La casa cuenta con muy bonitos acabados, a unos pasos de de Raul Salinas y de los centros comerciales Soriana y H. E. B. Otras Caracteristicas: Calentador de agua: SI. Servicios básicos (agua/luz): SI. Gas: SI. Cocina integral: SI. Espacios para autos: 2.","Felipe Carrillo Puerto, General Escobedo, Nuevo León",1450000
666706074,27,25.776468,-100.1858,3,2,180,87,Casa nueva en venta zona Apodaca con terreno excedente en esquina frente al parque ubicada en fraccionamiento privado. Casa nueva cuenta con todos los servicios * Piso ceramico * Tres recamaras * Dos baños * Cocina * Dos plantas * Patio excedente * Frente al parque * Esquina con jardin * Sala comedor * Lavanderia techada abierta,"Apodaca, Nuevo León",840000
666818034,32,25.693105,-100.5007,3,3,243,243,"Un lugar increíble enmarcado con hermosos paisajes de montaña donde tendrás tu hogar con estilo, exclusividad, armonía, bienestar y belleza con amplias y confortables residencias, una entrada distintiva, una ubicación privilegiada a solo 4 minutos de Valle Poniente, cercano a reconocidos colegios importantes, universidades, grandes centros comerciales y gran variedad de servicios de primer nivel. 
Distribución en: 
 
 
 
 PLANTA BAJA: 
 
Recibidor 
Sala 
Comedor 
Cocina 
Medio Baño Visitas 
 
 
PRIMER NIVEL: 
 
 
 
Estancia Familiar 
Recamara Principal con Closet Vestidor y Baño completo 
Recamara Secundaria con Closet Vestidor y Baño completo 
Recamara Secundaria con Closet de Pared y Baño completo 
Jardín 
 
 
SEGUNDO NIVEL: 
 
 
 
Cuarto de Servicio con Baño Completo 
Tavanderia 
Terraza con área para Asador y Baño 
 
 
OTROS: 
 
 
 
áreas verdes, casa club, juegos infantiles, instalaciones subterráneas, ubicación privilegiada, y hermosas vistas panorámicas. 
Un desarrollo con acceso controlado, caseta de vigilancia y barda perimetral. 
 
 
 
 
Concepto exclusivo que distingue este complejo residencial es el Deck Social que consiste en que aprovechamos el techo de las residencias para convertirlo en una amplia terraza con hermosas vistas de las montañas para que puedas pasar grandes momentos con tu familia y amigos. 
 
24-CV-4142 
Expertos en Inmuebles Amamos lo que Hacemos 
 
Te Apoyamos en Tramitar tu Crédito Hipotecario SIN Costo para Ti","Fraccionamiento Privado, Santa Catarina Centro, Santa Catarina, Nuevo León",4150000
666943340,34,25.679783,-100.4168,2,3,433,433,"Casa en Colonial De La Sierra San Pedro Garza Garcia. 
 
Venga y visite la casa . 
 
Tiene vistas maravillosas de dia y de noche que le encantaran . Esta en la parte mas alta de la colonia Colonial De La Sierra . Venga y conozca la casa, y su terreno. Para construir algo nuevo o aprovechar lo construido o crear un concepto totalmente nuevo e innovador . 
 
 
 
Negociable se aceptan ofertas...""Precio puesto para vender rápido"": 
 
Increíble oportunidad . 
 
 
 
 
 Operación : Venta 
 Tipo : Terrenos 
 Zona :Valle 
 Colonia :Colonial La Sierra 
 Terreno : 329 m2. 
 Construcción : 433 m2. 
 Frente : 12 m. 
 Uso : 
 Estado :Nuevo León 
 Red Eléctrica 
 Agua Potable 
 Gas Natural 
 Urbanizado 
 Uso Habitacional 
Pendiente Descendente 
erreno en venta o Casa para remodelar . Existe un proyecto arquitectonico para añadir un piso mas a la casa. 
 
 
 
Se vende terreno o residencia en la colonia Colonia De La Sierra. 
Es negociable. ofrezca. 
 
La residencia cuenta con: 
 
1. Es de 3 pisos. 
 
2 No tiene cochera pero hay mucho espacio para estacionamiento en frente. 
 
3. Cuenta con sala . 
 
4. Comedor. 
 
5. Cuenta con 3 baños completos y un medio baño. 
 
6. Con 2 recamaras. 
 
7. 2 walking closets con visitor. 
 
8. Con estancia. 
 
9. Con terraza y alberca de 150 metros . La alberca de 8x4. 
 
10. Con un patio de 69 metros cuadrados. 
 
11. Con cuarto de servicio. 
 
12. Cuenta con cocina. 
 
a. Gabinetes. 
 
b. Con estufa. 
 
c. Con Horno. 
 
13. Cuenta con cisterna de 10 metros cúbicos. 
 
14. Cuenta con alberca de 69 metros cuadrados. 
 
15. Cuenta con clima central de de 5 toneladas y 3 minisplits de 1.5 toneladas cada uno. 
 
Acabados: 
 
Piso de Mármol de 60x60 
 
En la cocina cubierta de granito. 
 
 
 
Oportunidad, cheque el precio de un terreno en esta colonia. Con alberca terraza y asador. 
 
 
 
Estamos a sus ordenes para ir a mostrar la residencia en venta . Muchas gracias.. Venga a conocerla casa personalmente . Se pueden hacer cosas geniales en ella. 
 
 
 
 24-CV-4652 
Expertos en Inmuebles Amamos lo que Hacemos 
 
Te Apoyamos en Tramitar tu Crédito Hipotecario SIN Costo para Ti","Casa En Venta En San Pedro Nuevo León  Colonial De La Sierra, Colonial La Sierra, San Pedro Garza García, Nuevo León",10300000
666964195,33,25.576107,-99.98074,2,1,124,47,"Casa en Cadereyta en Avenida Principal con Doble Frente con excedente de Terreno 
 
Expertos en Inmuebles¡¡ Amamos lo que Hacemos¡¡¡¡","Casa En  Cadereyta En Avenida Principal 24-cv-4739, Alberos, Cadereyta Jiménez, Nuevo León",620000
667024947,26,25.729711,-100.1979,2,1,90,96,"Casa bien ubicada en zona tranquila 
 
Cerca de vialidades importantes, tales como Blvd. Acapulco, Miguel Alemán, Ignacio Sepúlveda, Av. México. 
 
A pocos minutos de Citadel, Paseo la Fe, HEB, Soriana 
 
*Se vende con muebles* 
 
Planta Baja 
 
* Sala 
 
* Comedor 
 
* Cocina 
 
* Medio baño 
 
* Patio con pasillo de servicio 
 
Planta Alta 
 
* Recámara principal 
 
* Recámara secundaria 
 
* Baño completo 
 
 
Cochera para uno o dos autos 
 
Todas las venta as cuentan con protectores","Torremolinos La Fe, Guadalupe, Nuevo León",1100000
667931496,26,25.689942,-100.1908,5,2,315,298,"Planta baja 
 
Cochera para 4 vehículos 
Cocina 
Comedor 
Sala 
Medio baño 
Asador 
Planta alta 
 
5 recamaras 
walking closet 
2 baños completos, el principal con jacuzzi 
Espacio para oficina 
Cuarto de servicio 
Tercer piso 
 
Bodega de almacén 8x4 
Equipo 
 
2 puertas automatizadas para cochera 
Camaras de vigilancia 
Planta alta piso de duela 
Hidroneumatico 
lavanderia 
8 minisplit 
 
 
 24-CV-4990 
Expertos en Inmuebles Amamos lo que Hacemos 
 
Te Apoyamos en Tramitar tu Crédito Hipotecario SIN Costo para Ti","Venta Casa  Hacienda San Miguel, Hacienda San Miguel, Guadalupe, Nuevo León",2100000
667957003,25,25.757682,-100.4585,3,3,245,245,"Ubicada en COL. SANTORAL II ESTRENE HERMOSA CASA 
 
con lindas Amenidades, canchas de basquetball, juegos infantiles, y casa club 
 
Fraccionamiento Privado, vigilancia 24/7 
 
 
NOTA. YA TERMINADA !! 
 
24-CV-4897 
Expertos en Inmuebles Amamos lo que Hacemos 
 
Te Apoyamos en Tramitar tu Crédito Hipotecario SIN Costo para Ti","Casa En Pre-venta, Col. Cumbres Santoral Ii, Cumbres Oro Residencial, Monterrey, Nuevo León",3200000
667957506,25,25.742024,-100.4054,3,3,276,276,"HERMOSA CASA EN VENTA, ESTRENELA, DISEÑO CONTEMPORANEO 
 
 
FRACCIONAMIENTO PRIVADO, CERCA DE CENTROS COMERCIALES 
 
 
 
COLONIA CIMA DEL BOSQUE - CUMBRES ELITE 
 
24-CV-4919 
 
Expertos en Inmuebles¡¡ Amamos lo que Hacemos¡¡¡¡","Hermosa Casa Nueva Diseño Contemporaneo, Cima Del Bosque (cumbres Elite 9 Sector), Monterrey, Nuevo León",4550000
667957716,25,25.570398,-100.2733,3,3,1119,831,"Amplia Casa ubicada en esquina cuenta con departamento Independiente. 
A un costado del Club de Golf Valle Alto 
 
Control de acceso y Barda Perimetral Electrificada. 
 
Muy Cerca de Plazas Comerciales y Escuelas (Tec,UDEM,San Roberto,Otros). 
 
DISTRIBUCIóN: 
 
PLANTA BAJA: 
 
Recibidor 
Biblioteca 
Medio Baño Visitas 
Sala con Chimenea Funcional 
Comedor 
Amplia Cocina Integral 
Alacena 
Desayunador 
Estancia 
 
PLANTA ALTA: 
 
Distribuidor 
Recamara Principal con Estancia y terraza al Jardín, Baño Completo con Tina de Hidromasaje, Vestidores ""El y Ella"" 
2 recamaras Secundarias con Baño completo y Closet Vestidor 
Closet de Blancos y Sink 
 
DEPARTAMENTO INDEPENDIENTE : 
 
Sala - Comedor 
Cocina Integral 
Recamara 
Baño completo 
Vestidor 
área para Centro de Lavado 
Unidad de 3 Toneladas mas un Inverter de 2 toneladas 
 
áREA DE SERVICIO: 
 
Dos recamaras de Servicio con Baño Compartido 
Lavanderia 
Dos Bodegas de triques 
 
EXTERIOR: 
 
área de Asador con Barra 
Medio Baño 
Amplio Jardin con Cascada funcional 
Pasillo de Servicio 
 
EQUIPAMIENTO: 
 
Maderas de Caoba 
Clima Central de 5 Toneladas para Planta baja 
Minisplit 3 Toneladas , 2 minisplits (1 Inverter de 1 Tonelada y uno Normal de 1 Tonelada) 
Planta alta cuenta con clima central de 9 Toneladas y 2 Inverters de 1 Tonelada 
Subestación eléctrica de 50 KVA 
Cochera techada para 3 autos 
 
24-CV-4907 
Expertos en Inmuebles Amamos lo que Hacemos 
 
Te Apoyamos en Tramitar tu Crédito Hipotecario SIN Costo para Ti","Valle Alto, Valle Alto, Monterrey, Nuevo León",18000000
668094933,25,25.742024,-100.4054,3,4,270,270,"Estene hermosa casa en Cumbres Elite parte baja 
3 niveles, excelentes acabados !! 
 
Cerca Plaza Cumbres 
 
 
 
 
Expertos en Inmuebles¡¡ Amamos lo que Hacemos¡¡¡¡","Casa En Venta Nueva, Cima Del Bosque (cumbres Elite 9 Sector), Monterrey, Nuevo León",4290000
668095021,32,25.658217,-100.4403,1,1,92,92,"DEPARTAMENTO EN VENTA EN VALLE PONIENTE 
 Santa Catarina, Nuevo León 
 
Listo para habitarse, equipados... 
 
Facil acceso por Alfonso Reyes, Morones Prieto 
 
Cerca del Consulado Americano, UDEM, Prepa Tec 
El desarrollo ofrece un concepto de urbanismo inteligente... se aceptan mascotas 
Adicional incluye 10 m2 de terraza 
 
Sala 
Comedor 
Cocina integral equipada con estufa y campana 
1 baño completo 
2 cajones de estacionamiento 
 
 
24-DV-516 
Expertos en Inmuebles Amamos lo que Hacemos 
 
Te Apoyamos en Tramitar tu Crédito Hipotecario SIN Costo para Ti","Departamento En Venta En Valle Poniente, Residencial Cordillera, Santa Catarina, Nuevo León",3594836
668095024,32,25.658603,-100.4397,2,2,138,138,"DEPARTAMENTO EN VENTA EN VIA CORDILLERA 
VALLE PONIENTE 
 
FACIL ACCESO POR MORONES PRIETO Y ALFONSO REYES 
 
CERCA DEL CONSULADO AMERICANO, UDEM, PREPA TEC CON HERMOSAS VISTAS A LA HUASTECA 
 
PRECIO DE PREVENTA 
 
CUENTA CON TERRAZA DE 36 M2 
 
EL DEPARTAMENTO SE ENTREGA EN OBRA BLANCA 
 
PET FRIENDLY 
 
AMENIDADES COMO ALBERCA, GIMNASIO, AREA SOCIAL 
 
 
 
Sala 
Comedor 
Cocina 
Terraza 
Recamara principal con baño-vestidor 
Recamara secundaria con closet 
1 baño completo para recamara secundaria y area social 
2 cajones de estacionamiento 
Estacionamiento independiente para visitantes 
 
 
24-DV-5136 
Expertos en Inmuebles Amamos lo que Hacemos 
 
Te Apoyamos en Tramitar tu Crédito Hipotecario SIN Costo para Ti","Departamento En Venta En Valle Poniente, Residencial Cordillera, Santa Catarina, Nuevo León",5341891
668095030,32,25.654132,-100.4282,3,5,450,450,"Casa en venta para estrenar en zona exclusiva de Valle Poniente 
Cantizal II, 
 
Acabados de lujo 
 
cerca de colegios de prestigio UDEM, Escuela Libre de Derecho, American Institute of Monterrey, Consulado Americano. 
 
Plazas cercanas Nativa y Vía Cordillera 
 
Cantizal tiene parque interiores, seguridad las 24 horas, acceso controlado, con hermosas y lujosas residencias. 
 
Vistas Espectaculares a la Huasteca, Sierra Madre y Las Mitras. 
 
 
PLANTA BAJA 
 
 
Sala 
Comedor con vista a jardín de 70 m2 
Cocina integral equipada 
Ante-comedor 
Jardín trasero 
Cochera para 3 autos 
Pasillo y patio trasero 
Cuarto de servicio 
Lavandería 
PLANTA ALTA 
 
Amplia Estancia 
3 recámaras con baño - vestidores muy amplios.- Cuentan cada una con balcón 
ACABADOS Y EQUIPAMIENTO 
 
Cocina Krombe con cubierta Onix y barra desayunadora 
Equipada con refrigerador duplex, microhondas, estufa, campana 
Pisos de mármol Bellagio 
Duela en recámaras 
Ventanas Duovent 
Preparación ducterías y plafones para los climas 
Puertas y vestidores de banak 
Puerta principal de Fierro 
 
Expertos en Inmuebles¡¡ Amamos lo que Hacemos¡¡¡¡","Casa En Venta En Valle Poniente Fraccionamiento Cantizal Ii, Cantizal, Santa Catarina, Nuevo León",16500000
668205847,26,25.662143,-100.2277,3,2,138,125,"CASA EN VENTA EN ESQUINA FRENTE A AURRERA, A UNA CUADRA DE PABLO LIVAS.&<> &<> ES DE UNA PLANTA EXCELENTE PARA NEGOCIO, OFICINAS, FARMACIAS, OXXO, SEVEN&<> ESTA MUY BIEN UBICADA <> ACTUALMENTE VENDEN COMIDAS LOS FINES DE SEMANA CUENTA CON 3 RECAMARAS, PORCHE, Y EN LA PARTE TRASERA DE LA CASA SOBRE CAMINO REAL HAY UNA ENTRADA INDEPENDIENTE QUE TIENE UN DEPARTAMENTITO DE UNA RECAMARA, BAÑO COMPLETO Y PEQUEÑA COCINA. NO TIENE COCHERA PERO NO LA NECESITA YA QUE ES AVENIDA MUY AMPLIA. (SI SE REQUIERE TIENE PORCHE TECHADO QUE PODRIA SER PARA 1 CARRO)","Camino Real, Guadalupe, Nuevo León",1450000
668205905,26,25.642955,-100.178,3,2.5,119,120,"HERMOSA CASA EN VENTA EN ZONA GUADALUPE, MUY CERCA DE AV. ELOY CAVAZOS CON ESCUELAS CERCANAS TIENDAS DE AUTOSERVICIOS Y DEPARTAMENTALES.<> FRACCIONAMIENTO SEMI PRIVADO 24/7 <> NO DEJES DE VERLA TE VA ENCANTAR!!! <> LA CASA CUENTA CON: COCHERA PARA 2 AUTOS SALA COMEDOR COCINA INTEGRAL 2 BAÑOS Y MEDIO PATIO PASILLO 3 RECAMARAS RECAMARA PRINCIPAL BAÑO- VESTIDOR","Sierra Morena, Guadalupe, Nuevo León",1180000
668205934,29,25.764921,-100.2792,4,2,105,196,"EXCELENTE OPORTUNIDAD, SE VENDE CASA EN ZONA SAN NICOLAS COL RESIDENCIAL EL ROBLE, MUY BIEN UBICADA Y CERCA DE AVENIDAS PRINCIPALES COMO SENDERO Y UNIVERSIDAD. 18-CV-696 <> ATENCION INVERSIONISTAS, LA CASA SE PUEDE RENTAR POR SEPARADO PLANTA ALTA Y BAJA, CUENTA CON UNA PUERTA DE ACCESO EN LA PARTE DE AFUERA PARA ACCESO A LA SEGUNDA PLANTA.<> NO DEJE PASAR ESTA OPORTUNIDAD PARA COMPRAR CASA PARA VIVIR CON TU FAMILIA O PARA INVERSION.<> <> PLATA BAJA RECIBIDOR SALA COMEDOR COCINA BAÑO COMPLETO UNA RECAMARA AMPLIA CUARTO QUE SE PUEDE UTILIZAR COMO ESTUDIO, O PUEDE UTILIZARSE COMO UNA SEGUNDA RECAMARA O ESPACIO QUE SE PUEDE AMPLIAR PARA PORCHE O PARA COCHERA. LAVANDERIA TECHADA PATIO ESCALERA DE ACCESO A SEGUNDA PLANTA EL CUAL ACTUALMENTE ESTA BLOQUEADA CON PARED TABLAROCA. PLANTA ALTA TRES RECAMARAS AMPLIAS ESTANCIA AMPLIA UN BAÑO COMPLETO CON DOS ACCESOS, UNA POR LA RECAMARA PRINCIPAL Y LA OTRA POR LA ESTANCIA PUERTA DE ACCESO POR FUERA PARA LA SEGUNDA PLANTA EQUIPO COCINA INTEGRAL DE MADERA BANAK CON PARRILA Y MICROCAMPANA ALACENA BARRA CANTINERO CUATRO MINISPLIT UNO EN PLANTA BAJA Y TRES EN PLANTA ALTA CUATRO ABANICOS DE TECHO PERSIANAS CANDILES ROPERIA EN LAS TRES RECAMARAS PLANTA ALTA REJA VENTANAS CUADRICULADAS DE ALUMINIO POLIURETANO EN LA PLACA Y PAREDES DUELA EN TODA LA PLANTA BAJA EXCELENTE OPORTUNIDAD DE INICIAR EL AÑO PARA","Residencial El Roble, San Nicolás De Los Garza, Nuevo León",1680000
668206391,25,25.686446,-100.2978,4,3,160,220,"casa habitacion perfectamente ubicada , ideal para negocio por encontrrase en una avenida de mediano flujo vehicular . <> la casa requiere remodelacion , pero puede ser utilizada para bodega, local comercial , oficinas o casa habitacion .<> <> esta a una cuadras de avenida colon y de avenida felix u gomez.<> <> no deje de verla¿<> la casa cuenta con frente a 2 calles¿ requiere remodelacion¿ ideal para oficina , local comercial , peque¿a bodega o casa habitacion","Terminal, Monterrey, Nuevo León",1690000
668332371,25,25.659392,-100.2947,2,2,82,82,"Departamentos en pre venta en el centro de Monterrey en Moderno Edificio de 31 pisos. Del piso 17 al 31 . El edificio esta muy bien ubicado 
Se entregara en octubre del 2021 
 
Aquí presento el departamento tipo 1 en el piso 18 con el precio de $3,189,901 (tres millones ciento ochenta y nueve mil novecientos un pesos ) 
 
 
 
 
 Operación : Venta 
 Tipo : Departamentos 
 Zona :Centro 
 Colonia :Monterrey Centro 
 Terreno : 82 m2. 
 Construcción : 82 m2. 
 Frente : 7 m. 
 Plantas : 1 
 Recámaras : 2 
 Baños : 2 
 Edad : 0 
 Una área social . 21.44 metros cuadrados.Un comedor de 8.43 metros cuadrados. Área de baños completos de 10.16 metros dos de ellos. Área de recamaras 28.4 0 metros cuadrados con dos recamaras. Un vestidor de 4.21 metros cuadrados. 
 
Expertos en Inmuebles¡¡ Amamos lo que Hacemos¡¡¡¡","Departamento En Venta En Monterrey Nuevo Leon Centro, Centro, Monterrey, Nuevo León",3189901
669124664,32,25.693105,-100.5007,2,2,108,200,"Casa en Venta en Privadas de Santa Catarina Ubicada en Esquina, Colonia semi-privada. En Primer Planta cuenta con, sala, comedor, bar, cocina, medio baño, cochera para un auto. Segunda Planta: Dos recámaras, la principal con baño completo y vestidor. Recámara secundaria, baño completo, estancia, terraza y lavandería techada. Actualmente cuenta con dos mini-split de 2 y 1 toneladas. Para más información favor de contatarnos. Expertos en Inmuebles Otras Caracteristicas: Centros Comerciales Cercanos: SI. Cocina integral: SI.","Privadas De Santa Catarina, Santa Catarina, Nuevo León",1250000
669745591,32,25.697573,-100.4986,3,1,90,98,"A una cuadras de Aurrera Bosques de la Huasteca y tiendas de autoservicio 
 
 
 
Utiliza tu crédito infonavit y vive en Santa Catarina!! 
 
Casa lista para habitar 
 
 
Planta baja 
 
* Cochera para 2 auts 
 
* Cocina 
 
* Sala comedor 
 
* Medio baño 
 
* Pequeño patio 
 
 
 
Planta alta 
 
* tres recámaras, dos de ellas con minisplit 
 
* Baño completo 
 
 
 
Precio abajo del promedio del mercado","Bosques De La Huasteca, Santa Catarina, Nuevo León",890000
669745592,25,25.70141,-100.2945,3,2,240,310,"Casa en Venta con remodelacion reciente, cuenta con un local comercial al frente (Abarrotes) con permiso vigente para vender alcohol y ya cuenta con clientela. 
 
 
Planta Baja: 
 
Cochera, Local, Sala Comedor, Cocina, Estancia, Baño Completo y 2 Recamaras al fondo. 
 
Planta Baja: 2 Recamaras y baño completo","Cementos, Monterrey, Nuevo León",2600000
673338929,27,25.736869,-100.2106,3,2,120,162,"Casa en Venta en Fraccionamiento Privado. Hacienda Santa Fe, Apodaca. Junto a Av. Miguel Aleman. Ubicada frente a parque, equipada en excelentes condiciones Cocina integral, equipada. 3 Recamaras 2 Baños y medio Cuarto principal con baño completo y closet. 2 cuartos secundarios, (closet en uno de ellos) Cuenta con reja y portón. Lavandería semi techada. Privada con seguridad 24/7. Acceso a vías rápidas. Otras Caracteristicas: Area de lavandería: SI. Caseta de guardia: SI. Cocina integral: SI. Estado de conservación: Excelente.","Hacienda Santa Fe, Apodaca, Nuevo León",1600000
674111350,25,25.750915,-100.4297,3,3,278,278,"Casa en Venta en Cumbres del Sol. 3.5 millones de pesos. 
 
 
Hermosa residencia, ideal para vivir tranquilo en una colonia privada en Cumbres del Sol. Cuenta con 3 amplias recámaras, cada una con su walking clóset. Estancia privada y estancia social. Sala, comedor, ante-comedor. Techos de 3 mtsde altura que le da luminosidad y comodidad. Cocina abierta, cuarto de lavado. Incluye un práctico acceso a 2 parques ideal para la familia. Cuenta además con amplio patio con terraza y estancia ideal para reuniones sociales. En privada y con vigilancia, cerca de colegios y centros comerciales de prestigio. 
 
A estrenar 
 
IMPORTANTE: Única casa con más espacio de estacionamiento para las visitas en la privada. 
 
 
 
Aprovecha la oportunidad 
 
Expertos en Inmuebles¡¡ Amamos lo que Hacemos¡¡¡¡","Casa En Venta Cumbres Del Sol 3.5 Millones, Cumbres Del Sol Etapa 1, Monterrey, Nuevo León",3200000
674112629,25,25.662722,-100.3161,3,3,351,322,"Terreno y Casa por la Antiguedad de La casa ideal para Remodelar Departamentos o oficinas por la cercanía del Centro de Monterrey 
 
Expertos en Inmuebles¡¡ Amamos lo que Hacemos¡¡¡¡","Terreno Venta En Monterrey  A Unas Cuadras Morones Prieto, Independencia, Monterrey, Nuevo León",2200000
674114012,25,25.591408,-100.2603,4,5,440,440,"CASA EN VENTA EN LOS CEREZOS RESIDENCIAL CARRETERA NACIONAL 
MONTERREY, NUEVO LEóN 
 
ID PROPIEDAD: 24-CV-5185 
 
Hermosa casa en venta con inigualables vistas, rodeado de la naturaleza. 
 
Fácil acceso por Antiguo Camino a Villa de Santiago y Carretera Nacional, zona del URO 
CASA HABITACION DE LUJO 
 
 
Planta Baja 
 
SALA CON DOBLE ALTURA 
COMEDOR CON DOBLE ALTURA 
COCINA CON ISLA Y FAMILY ROOM 
ESTUDIO/RECAMARA CON BAñO COMPLETO 
LAVANDERíA 
 CUARTO DE SERVICIO 
COCHERA PARA TRES AUTOS 
CUARTO DE HERRAMIENTAS 
AREA DE JARDIN 110 M2 
AREA DE ASADOR 
Planta Alta 
 
3 RECAMARAS CON WALKING CLOSET Y BAñO COMPLETO CADA UNA 
ESTANCIA FAMILIAR 
CLOSET DE BLANCOS Y ZINC 
Tercer Planta 
 
TERRAZA AZOTEA 80 M2 
MEDIO BAñO 
 
 
EQUIPAMIENTO 
 
PREPARACION PARA CASA INTELIGENTE Y CAMARAS DE SEGURIDAD 
AISLAMIENTO TéRMICO 
CUENTA CON PANELES SOLARES 
GRIFERIA DE LUJO 
CARPINTERIA DE LAS MAS ALTA CALIDAD EN CLOSETS, LAVANETAS, PUERTAS Y VESTIDORES 
CRISTAL TEMPLADO EN REGADERAS 
SISTEMA DE AGUA CON TUBERIA PEX 
PUERTA PRINCIPAL DE TRES METROS DE ALTURA 
 
 
 
 
 
24-CV-5185 
Expertos en Inmuebles Amamos lo que Hacemos 
 
Te Apoyamos en Tramitar tu Crédito Hipotecario SIN Costo para Ti","Casa En Venta En Carretera Nacional Monterrey, N.l., Monterrey, Nuevo León",8690000
675630636,25,25.686358,-100.3761,3,4,226,343,HERMOSA RESIDENCIA UBICADA EN EL SECTOR PRIVILEGIADO DE SAN JERONIMO. MUY CERCA DEL PARQUE Y A UNA CUADRA DE AVE PUERTA DEL SOL PLANTA BAJA: COCHERA PARA 2 AUTOS RECIBIDOR SALA COMEDOR COCINA EQUIPADA CUARTO DE TV-BAR CON BAÑO COMPLETO LAVANDERIA CUARTO DE SERVICIO CON BAÑO PATIO CON AREA TECHADA PLANTA ALTA: RECAMARA PRINCIPAL CON BAÑO VESTIDOR 2 RECAMARAS SECUNDARIAS CON CLOSET BAÑO COMPLETO QUE COMPARTEN LAS RECAMARAS SECUNDARIAS,"Colinas De San Jerónimo, Monterrey, Nuevo León",6400000
677263986,25,25.74904,-100.3986,4,5,141,252,"Visite esta preciosa casa en Cumbres Ranciamente. Entre usted en 
 el fraccionamiento cumbres renacimiento le agradara mucho el ambiente. Es un fraccionamiento privado con instalaciones subterráneas y amenidades de vanguardia para que usted disfrute , es la mejor opción en Cumbres Las amenidades de las cual usted podrá gozar , son parques, gimnasio, alberca, casa club con asadores y caseta de vigilancia las 24 horas 7 días de la semana. 
 
Beneficios. (Vea las fotos le agradara) 
 
-Comercios cercanos -Escuelas cercanas .-Clubes deportivos cercanos. Para que usted y su familia disfruten. 
 
-Bonito y practico diseño arquitectónico . Con una magnifica terraza en el 3er pisos , ideal para convivir. -Colonia bien ubicada. Esta genial vea las fotos. 
 
Al lado y enfrente de un parque.-Colonia privada con caseta de vigilancia 24 horas 7 días de la semana (muy segura )-Fácil acceso. Cuenta con acceso por las vialidades más importantes de Cumbres. La colonia cuenta con gimnasio , Alberca y casa club con asadores. 
 
-Por todo esto y mas su mejor opción para vivir en la Zona Cumbres. Sienta la libertad de escoger su casa. 
 
Tenemos el servicio de tramite de credito hipotecario rápido y fácil . Lo ponemos en contacto con ellos si asi lo desea. 
 
Trabajamos en sociedad con empresa de instalación de paneles solares para que ahorre en su consumo eléctrico. Lo ponemos en contacto con ellos si asi lo desea. 
 
La mejor opción en Zona Cumbres. Visite la casa ya. 
 
 Operación : Venta 
 Tipo : Casas 
 Zona :Cumbres 
 Colonia :Cumbres Renacimiento 
 Terreno : 141 m2. 
 Construcción : 252 m2. 
 Frente : 9 m. 
 Plantas : 3 
 Recámaras : 4 
 Baños : 5 1/2 
 Edad : 0 
 Nueva 
Cocina Integral 
Alberca 
Gimansio 
 
SE LE PUEDE PONER UNA ALBERCA CON UN COSTO ADICIONAL AL PRECIO DE LA CASA. VER LAS FOTOS DE DEMOSTRACION DE LOS MODELOS DE ALBERCA QUE SE PUDIERAN INSTALAR .. Dimensiones del patio, 3.30 x 8.70 mts 
 
 Casa nueva con cochera techada para 3 autos. . 
 
Nota importante esta casa cuenta con un parque a lado , y en frente por lo cual no tendrá una casa al lado o en frente. lo cual es un plus. 
Ademas cuenta con. 
 
Cuenta con una terraza muy padre de 80, metro cuadrados , con baño completo . 
El gimnasio y la alberca están muy padres así como la palapa para con asadores que se tiene en común. 
 
Lugares de interes cercanos , el HEB Puerta De Hierro, Prepa del Tec Cumbres , Latin American School , Colegio Cambrige De Monterrey. Todos a pocos minutos. 
 
. 
 
Estancia 
Estudio 
4 recamaras. 
5.5 baños 
Comedor. 
Sala comedor. 
Terraza de 80 m2 
 
La casa esta junto a un parque. 
 
24-CV-5249 
Expertos en Inmuebles Amamos lo que Hacemos 
 
Te Apoyamos en Tramitar tu Crédito Hipotecario SIN Costo para Ti","Casa En Venta En Cumbres Renacimiento, Cumbres Renacimiento, Monterrey, Nuevo León",3200000
678407126,27,25.721155,-100.1652,3,2.5,147,105,"BONITA CASA, CON AMPLIACION, TOTALMENTE RENOVADA, puertas, ventanas, sanitarios, lavabos, pintura, etc. terreno excedente. Vaya a verla!!<> PLANTA BAJA: COCHERA SIN TECHAR SALA¿ COMEDOR¿ COCINA¿ 1/2 BA¿O LAVANDERIA PLANTA ALTA: 3 RECAMARAS RECAMARA PRINCIPAL¿C/ BA¿O VESTIDOR Y¿ UN BA¿O COMPLETO PARA COMPARTIR LAS OTRAS 2 RECAMARAS.","Valle De San Miguel, Apodaca, Nuevo León",890000
678407309,27,25.790437,-100.2649,4,2,90,160,"CASA EN APODACA , PARA RE MODELAR A TU GUSTO¿ CERCA DE AV CONCORDIA<> ESCUELAS CENTROS COMERCIALES¿¿<> ESPACIO PARA PONER TU NEGOCIO¿ SALA¿ COMEDOR¿ COCINA BA¿O COMPLETO 1 RECAMARA LAVANDER¿A SEGUNDA PLANTA¿ PEQUE¿A TERRAZA 2 RECAMARAS BA¿O COMPLETO","Los Encinos, Apodaca, Nuevo León",650000
678408284,27,25.727776,-100.1734,3,2.5,105,165,"PRECIOSA CASA NUEVA EN FRACCIONAMIENTO PRIVADO¿ EN UNA DE LAS AREAS DE MAYOR CRECIMIENTO Y PLUSVALIA EN LA ZONA DE APODACA , MUY CERCA DEL MEZQUITAL Y DE AVENIDA CONCORDIA , SANTO DOMINGO Y DIEGO DIAZ DE BERLANGA .<> LA PROPIEDAD CUENTA CON UN DISE¿O DIFERENTE Y FUNCIONAL , LO CUAL LA HACE MUY ATRACTIVA .<> ESTA RODEADA DE CENTROS COMERCIALES, TIENDAS DE CONVENIENCIA , AMPLIAS Y FLUIDAS AVENIDAS Y ADEMAS SE ENCUENTRA RODEADA DE VARIAS COLONIAS PRIVADAS . LO CUAL HA CONVERTIDO EL AREA EN UNA ZONA MUY DESEABLE Y DE ALTA PLUSVALIA.<> VIGILANCIA 24/7<> PLANTA BAJA - - COCHERA PARA 2 AUTOS¿ TECHADA ( CON ESPACIO AL FONDO PARA 3) - EL AREA DE PATIO SE ENCUENTRA INTEGRADA CON LA COCHERA LO QUE NOS DA UN AMPLIO ESPACIO LIBRE DE 90 M2 , IDEAL PARA USOS MULTIPLES. - MEDIO BA¿O¿ - SALA/ COMEDOR - COCINA¿ - ESPACIO ADECUADO PARA LAVANDERIA TECHADA PLANTA ALTA¿ - RECAMARA PRINCIPAL CON BA¿O COMPLETO Y VESTIDOR - RECAMARA SECUNDARIA MUY AMPLIA - 3er¿ RECAMARA¿ -¿ AMPLIA ESTANCIA¿ -¿ ¿BA¿O COMPLETO QUE COMPARTEN LAS 2 RECAMARAS SECUNDARIAS Y LA ESTANCIA. ¿EL PROYECTO CUENTA MUCHAS POSIBILIDADES¿ PARA AMPLIACION. LA CASA ES TOTALMENTE NUEVA POR ELLO NO CUENTA CON EQUIPO ADICIONAL .","Privadas Santa Fe, Apodaca, Nuevo León",1280000
678408426,27,25.775654,-100.23618,2,2,105,165,"MAGNIFICA PROPIEDAD , PERFECTAMENTE UBICADA A TAN SOLO 500 MTS DEL CENTRO COMERCIAL SENDERO APODACA , RODEADO DE AVENIDAS IMPORTANTES Y DE ALTO FLUJO VEHICULAR , MEDIOS DE TRANSPORTE , TIENDAS DE CONVENIENCIA , BANCOS , ESCUELAS , ETC. NO DEJE DE VERLA<> PLANTA BAJA¿ - COCHERA PARA UN AUTO¿ - SALA - COMEDOR -COCINA - LAVANDERIA TECHADA¿ -PATIO DE SERVICIO -PASILLO LATERAL PLANTA ALTA¿ 2 RECAMARAS GRANDES CON BA¿O CADA UNA¿","Santa Cecilia I, Apodaca, Nuevo León",950000
678408820,30,25.795909,-100.6048,2,1,88,70,"<> CASA EN VENTA,<> La casa se entrega totalmente renovada, en pisos, tuberias, cableado electrico, lavabos, sanitarios, puertas y ventanas. <> 1 PLANTA Espacio para 2 autos Sala Comedor Cocina Patio 2 Recamaras 1 Ba¿o","Valle San Felipe, García, Nuevo León",320000
678409061,25,25.748243,-100.3645,3,3,136,165,"Casa en muy buena ubicaci¿n a pocos minutos de avenidas importantes como Raul Rangel Frias, Lincon y escuelas, tres recamaras, tres ba¿os y cochera. <> requiere mantenimiento<> PLANTA BAJA - cochera techada con reja - recibidor con bodega debajo de escalera - ba¿o completo - sala - comedor - cocina integral - patio techado PLANTA ALTA - estancia con balcon - recamara principal con minisplit y ba¿o completo - recamaras secundarias con minisplit, compartiendo ba¿o completo - terraza con asador sin acceso (falta abrir acceso por una de las recamaras)","Loma Linda, Monterrey, Nuevo León",1650000
678409853,27,25.775654,-100.23618,3,3,97,153,CASA EN VENTA EN FRACCIONAMIENTO¿SANA CECILIA¿ NO DEJES DE VERLA<> PRIMER NIVEL COCHERA TECHADA PARA UN AUTO SALA¿ COMEDOR COCINA EQUIPADA BA¿O DE VISITAS PATIO PASILLO LATERAL SEGUNDO NIVEL RECAMARA PRINCIPAL BA¿O VESTIDOR Y PEQUE¿O BALC¿N 2 RECAMARAS COMPARTEN BA¿O,"Santa Cecilia I, Apodaca, Nuevo León",930000
678410230,27,25.771347,-100.25054,2,1,90,90,"EXCELENTE OPORTUNIDAD EN ZONA DE ALTA PLUSVALIA, CASA EN VENTA DE UNA PLANTA EN LA COL LOS PINOS II ZONA APODACA, BIEN UBICADA Y A UNAS CUADRAS DE AVE CONCORDIA Y TIENDAS DE PRESTIGIO COMO MI TIENDITA, CENTROS COMERCIALES COMO SENDERO APODACA Y ESCUELAS DE PRESTIGIO. <> NO DEJE QUE SE LA GANEN, POR SER UNA PLANTA Y POTENCIAL DE CRECIMIENTO!!!!!<> UNA PLANTA NO TIENE COCHERA PERO TIENE SU ESPACIO AFUERA DE LA CASA SALA COMEDOR COCINA DE AZULEJO RECAMARA PRINCIPAL AMPLIA RECAMARA SECUNDARIA TAMA¿O NORMAL UN BA¿O COMPLETO PATIO Y LAVANDERIA TECHADA PASILLO DE SERVICIO EL PISO ES NUEVO DE PORCELENATO Y PROTECTORES EN TODA LA CASA.","Hacienda Los Pinos Ii, Apodaca, Nuevo León",680000
678410405,27,25.776468,-100.18587,2,3,90,120,"Excelente ubicacion de casa RE-MODELADA, semiamueblada a una cuadra de Av. Afganistan y dos de Sendero, dos recamaras, 1 1/2 ba¿os, cochera techada PLANTA BAJA - Cochera techada para dos autos ( uno al frente y otro por entrada lateral) - Sala con abanico y 2 sillones (2 y 3 personas) - Comedor con abanico y mesa de 4 sillas - Cocina Integral con campana de extracci¿n y parrilla - Patio amplio con techo de lamina y acceso con port¿n por entrada lateral en Maria Curie - medio ba¿o - Lavander¿a techada -PLANTA ALTA - Recamara principal con terraza muy amplia¿ - recamara secundaria con closet y base individual - ba¿o completo accesorios: 2 muebles de sala, mesa comedor para 4 personas, cama individual, abanicos¿","Apodaca, Nuevo León",860000
678410528,29,25.749346,-100.2868,3,3.5,172,221,"Casa en Venta en excelente ubicaci¿n, muy cerca de Centros Comerciales como Paseo La Fe, Citadel, ya equipada, lista para habitarse. Terreno excedente.¿¿Vaya a verla! Planta Baja -Cochera para 2 autos -Sala -Comedor -Cocina equipada -1/2 ba¿o -Lavanderia Techada -Ba¿o completo en patio -Terreno excedente Planta Alta -3 Recamaras, la principal con Ba¿o vestidor -2 recamaras -comparten- -Ba¿o completo -2 minisplits -Protectores y Barandal","Hacienda Los Morales Sector 1, San Nicolás De Los Garza, Nuevo León",2600000
678410675,28,25.772992,-100.2836,3,4,135,203,"Residencia en la mejor zona de Escobedo, amplias calles de acceso, caseta de vigilancia y áreas verdes, muy cerca de Sendero, Benito Juárez y Concordia, cuenta a su alrededor con varias plazas comerciales, colegios y supermercados, diseño constructivo único en la privada, 3 recamaras (todas con baño), amplia estancia y jardin PLANTA BAJA - cochera techada para dos autos - cocina - sala y comedor - cuarto de lavado techado - baño completo de servicio - 1/2 baño para visitas - pasillo lateral de servicio - jardin PLANTA ALTA - amplia estancia - recamara principal con baño y vestidor - recamara secundaria con baño y vestidor - tercer recamara con baño totalmente iluminada con lamparas LED mantenimiento $700 por mes al corriente","La Encomienda, General Escobedo, Nuevo León",2880000
678410817,26,25.642955,-100.178,3,2,119,120,"HERMOSA CASA EN VENTA EN ZONA GUADALUPE, MUY CERCA DE AV. ELOY CAVAZOS CON ESCUELAS CERCANAS TIENDAS DE AUTOSERVICIOS Y DEPARTAMENTALES. 
 
FRACCIONAMIENTO SEMI PRIVADO 24/7 
 
NO DEJES DE VERLA TE VA ENCANTAR!!! 
 
 Operación : Venta 
 Tipo : Casas 
 Zona : Zona Guadalupe 
 Colonia : Sierra Morena 
 Terreno : 119 m2. 
 Construcción : 120 m2. 
 Frente : 7 m. 
 Plantas : 2 
 Recámaras : 3 
 Baños : 2 1/2 
 Edad : 
LA CASA CUENTA CON: 
 
COCHERA PARA 2 AUTOS 
 
SALA COMEDOR 
 
COCINA INTEGRAL 
 
2 BAÑOS Y MEDIO 
 
PATIO 
 
PASILLO 
 
3 RECAMARAS 
 
RECAMARA PRINCIPAL BAÑO- VESTIDOR","Fraccionamiento Sierra Morena 000, Sierra Morena, Guadalupe, Nuevo León",1180000
678411334,28,25.772992,-100.2836,4,4,135,320,"<> <> CON EXCELENTES VÍAS DE ACCESO, <> CERCA DE COLEGIOS, CENTROS COMERCIALES<> PARQUES <> <> COCHERA PARA 2 AUTOS TECHADA SALA COMEDOR, PUEDES REMODELAR A TU GUSTO. COCINA BAÑO PATIO LAVANDERÍA SEGUNDO NIVEL 4 RECAMARAS CADA UNA CON BAÑO TERCER NIVEL ÁREA SOCIAL BAÑO LA PROPIEDAD CUENTA CON AMPLIOS ESPACIOS","La Encomienda, General Escobedo, Nuevo León",3500000
678411482,27,25.817973,-100.2323,3,2,96,113,"Hermosa casa como nueva de dos plantas& en Fraccionamiento Privado, con vigilancia 24/7, cuenta con un bonito parque enfrente con juegos infantiles, esta muy bien ubicada, cerca de avenida Real de Santa Rosa y a 5 min de la Avenida Profesor Humberto Ramos Lozano, a 15 minutos del centro de Apodaca PRIMER PLANTA - Sala - Comedor - Cocina -1/2 baño de visitas -Lavandería techada - Patio trasero - Amplio pasillo lateral SEGUNDA PLANTA - Recamara principal con baño completo - Dos recamaras - Baño completo que comporten las dos recamaras","Ventura De Santa Rosa, Apodaca, Nuevo León",780000
678411501,27,25.776468,-100.18587,3,1,90,130,"BONITA CASA , CON ACABADOS , Y TOTALMENTE EQUIPADA , EN FRACCIONAMIENTO NUEVO Y MU BIEN COMUNICADO <> CERCA DE HUINALA , IDEAL PARA FAMILIAS QUE VAN INICIANDO .<> <> NO DEJE DE VERLA !!!<> PLANTA BAJA: - COCHERA TECHADA PARA 2 AUTOS - SALA- COMEDOR - MEDIO BAÑO -COCINA EQUIPADA - PATIO DE SERVICIO CON LAVANDERIA TECHADA - PASILLO LATERAL DE SERVICIO PLANTA ALTA 3 RECAMARAS 1 BAÑO COMPLETO. LA CASA CUENTA CON COCINA INTEGRAL , PORTON , PROTECCIONES EN TODA LA CASA, CLOSETS, MINISPLITS, ABANICOS DE TECHO. NO DEJE DE VERLA °°","Apodaca, Nuevo León",720000
678412245,29,25.747265,-100.2678,3,4,302,290,"CASA EN VENTA LAS PUENTES SECTOR 2, ZONA SAN NICOLAS EN ESQUINA.<> HERMOSA CASA EN VENTA, EN PRIVILIGIADA ZONA LISTA PARA SER HABITADA CON RECAMARAS AMPLIAS, ESPACIOS MUY AMPLIOS MUY CERCA DE AV. SAN NICOLAS Y HEB.<> <> NO DEJE DE VER LA CASA DE SUS SUEÑOS LE VA A ENCANTAR!!!!!!!! <> PRIMER PLANTA COCHERA TECHADA PARA DOS AUTOS RECIBIDOR SALA COMEDOR COCINA INTEGRAL AMPLIA MEDIO BAÑO CUARTO DE SERVICIO HERMOSO JARDIN SEGUNDA PLANTA 3 RECAMARAS CON BAÑO VESTIDOR Y CLIMA CADA UNA ESTANCIA MUY AMPLIA EQUIPO CLIMAS BAÑOS CON CANCEL","Las Puentes Sector 8, San Nicolás De Los Garza, Nuevo León",4600000
678412291,27,25.776468,-100.1858,2,1,85,110,"Casa en excelente ubicación, a una cuadra de Concordia y Las Palmas, dos recamaras, 1 1/2 baños, cochera para dos autos con reja, con oportunidad de re-modelar al gusto PLANTA BAJA - Cochera para dos autos con reja de protección - Sala - Comedor - Cocina - Patio trasero con techo de lamina - medio baño de visitas PLANTA ALTA - dos recamaras - Baño completo Nota: la casa se manda pintar por dentro al gusto del comprador accesorios: reja y protecciones en toda la casa, bolier de paso, puerta principal de herrería, gas natural","Apodaca, Nuevo León",650000
681247490,29,25.759427,-100.26912,3,2,240,185,"ID. PROPIEDAD; 24-CV-5269 
 
A 3 minutos de Plaza Fiesta Anáhuac, cerca de Colegios de prestigio. 
 
Privada de 13 casas, con control de acceso. Se paga cuota de mantenimiento. 
 
Fácil acceso por Avenida Manuel Barragán y Anillo Periférico. 
La casa cuenta con un amplio terreno excedente ideal para alberca y área de asador 
 
Planta baja 
Sala 
Comedor 
Cocina integral 
Medio baño 
Patio trasero 
Cochera para dos autos 
amplio terreno excedente de 120 m2 
Planta Alta 
 
Recamara principal con baño-vestidor 
Dos amplias recamaras secundarias con clóset 
1 baño completo que comparten las recámaras secundarias 
Estancia 
Equipamiento 
 
Cocina íntegral con estufa y campana 
 
Planta alta cuenta con clima central. 
 
Recamara principal con minisplit 
 
Sala - comedor cuenta con minisplit 
 
24-CV-5269 
Expertos en Inmuebles Amamos lo que Hacemos 
 
Te Apoyamos en Tramitar tu Crédito Hipotecario SIN Costo para Ti","Casa En Venta En San Nicolas  De Los Garza, Nuevo León, San Nicolás De Los Garza, Nuevo León",3400000
